date,prec,et,temp,tm
2009-01-01,0.49,0.02487497,28.38873246,28.87381256
2009-01-02,0,1.090586843,28.50191487,28.87381256
2009-01-03,1.59,1.581075887,29.33808644,28.87381256
2009-01-04,0.31,1.216826005,28.90709853,28.87381256
2009-01-05,1.17,1.335913495,29.73606708,28.87381256
2009-01-06,15.84,1.215547468,28.94863251,28.87381256
2009-01-07,11.43,1.222648109,27.95087071,28.87381256
2009-01-08,7.06,1.040391627,28.28555842,28.87381256
2009-01-09,3.16,1.364824201,27.70865738,28.87381256
2009-01-10,1.23,1.569100833,28.04486684,28.87381256
2009-01-11,1.14,1.298632117,29.17932238,28.87381256
2009-01-12,0.48,1.331198631,29.1220926,28.87381256
2009-01-13,3.51,1.256764077,29.2278721,28.87381256
2009-01-14,0.25,1.163828532,28.66090234,28.87381256
2009-01-15,1.52,1.296067595,28.10143321,28.87381256
2009-01-16,2.97,0.984847897,27.47320741,28.87381256
2009-01-17,12.55,0.689235254,27.41622758,28.87381256
2009-01-18,4.28,0.985843762,26.69811212,28.87381256
2009-01-19,10.84,1.447152122,27.41387181,28.87381256
2009-01-20,1.92,1.0069734,27.07911611,28.87381256
2009-01-21,0.14,1.265554578,28.72578299,28.87381256
2009-01-22,0.45,1.078689003,28.0822243,28.87381256
2009-01-23,37.58,1.012569947,28.73580926,28.87381256
2009-01-24,0.88,1.270454758,27.89320305,28.87381256
2009-01-25,0.77,1.346491184,28.52472106,28.87381256
2009-01-26,0.13,1.559190027,29.15533657,28.87381256
2009-01-27,0.41,1.475244789,29.35185966,28.87381256
2009-01-28,3.47,1.319268024,29.88413378,28.87381256
2009-01-29,3.64,1.580756279,29.37584723,28.87381256
2009-01-30,33.86,1.361413589,27.46393232,28.87381256
2009-01-31,5.75,1.487766901,27.71276367,28.87381256
2009-02-01,33.43,1.000382889,27.56036454,28.87381256
2009-02-02,0.45,1.367446266,29.03414883,28.87381256
2009-02-03,0.21,1.395859011,30.06225099,28.87381256
2009-02-04,3.59,1.699191878,30.94599209,28.87381256
2009-02-05,0.3,1.587938319,30.09888992,28.87381256
2009-02-06,6.36,1.594558301,29.86783411,28.87381256
2009-02-07,1.96,1.391857814,29.12096264,28.87381256
2009-02-08,2.1,1.355165625,29.35465746,28.87381256
2009-02-09,0.51,1.280234544,29.10241869,28.87381256
2009-02-10,7.07,1.525023021,29.7891104,28.87381256
2009-02-11,0.83,1.419905999,29.29831303,28.87381256
2009-02-12,10.41,1.407040871,28.06516264,28.87381256
2009-02-13,1.13,1.735901408,27.94728097,28.87381256
2009-02-14,12.45,1.289579099,27.94270558,28.87381256
2009-02-15,3.18,1.108412568,27.49809439,28.87381256
2009-02-16,2.35,1.397247024,27.20823704,28.87381256
2009-02-17,0.63,1.141461109,28.53712446,28.87381256
2009-02-18,0.14,1.515405611,29.80156899,28.87381256
2009-02-19,4.24,1.719207281,29.76080562,28.87381256
2009-02-20,0.86,1.244994473,28.11516961,28.87381256
2009-02-21,2.45,1.359710125,29.05840342,28.87381256
2009-02-22,0.6,1.498178912,29.80160535,28.87381256
2009-02-23,0.45,1.55516962,28.90454474,28.87381256
2009-02-24,11.37,1.855722703,29.5177893,28.87381256
2009-02-25,2.78,1.509992533,28.49352065,28.87381256
2009-02-26,0.5,1.339386367,27.81304983,28.87381256
2009-02-27,2.95,1.478869245,28.43360659,28.87381256
2009-02-28,1.25,1.551773975,28.24971911,28.87381256
2009-03-01,1.32,1.651717962,29.94648055,28.87381256
2009-03-02,1.1,1.523766491,29.51685616,28.87381256
2009-03-03,13.87,1.332799594,28.28814678,28.87381256
2009-03-04,4.04,1.206697562,27.85145657,28.87381256
2009-03-05,0.16,1.051242155,29.57285,28.87381256
2009-03-06,0.64,1.636979017,30.79817283,28.87381256
2009-03-07,2.69,1.538131517,29.75506472,28.87381256
2009-03-08,0.04,1.805498947,30.23157623,28.87381256
2009-03-09,2.32,1.636034645,29.18977553,28.87381256
2009-03-10,0.34,1.799677325,29.38520063,28.87381256
2009-03-11,0.3,1.734632259,29.52134557,28.87381256
2009-03-12,4.59,1.479662445,28.84367694,28.87381256
2009-03-13,5.61,1.4046523,28.33453496,28.87381256
2009-03-14,1.02,0.818421719,27.84860677,28.87381256
2009-03-15,12.16,1.614708949,29.0934337,28.87381256
2009-03-16,7.24,1.503235412,29.1588741,28.87381256
2009-03-17,1.74,1.457410173,28.2944948,28.87381256
2009-03-18,6.75,1.237163804,27.45725244,28.87381256
2009-03-19,9.26,1.191090055,27.9164825,28.87381256
2009-03-20,0.7,1.013195153,27.18605294,28.87381256
2009-03-21,12.13,1.592972788,29.16864072,28.87381256
2009-03-22,2.75,1.546176041,27.97637273,28.87381256
2009-03-23,11.85,1.364659936,27.77257823,28.87381256
2009-03-24,0.75,1.547433031,27.79526492,28.87381256
2009-03-25,11.87,1.393999266,28.23384621,28.87381256
2009-03-26,7.99,1.638314163,28.68374164,28.87381256
2009-03-27,17.34,1.283209933,28.01243373,28.87381256
2009-03-28,26.01,1.029177974,27.60441958,28.87381256
2009-03-29,24.92,1.314847514,27.05876706,28.87381256
2009-03-30,1.62,1.538995409,28.97905144,28.87381256
2009-03-31,17.53,1.62081041,28.46564951,28.87381256
2009-04-01,10.49,1.339035837,26.84798061,28.87381256
2009-04-02,23.05,1.324025478,27.56190986,28.87381256
2009-04-03,0.7,1.670674762,28.41299968,28.87381256
2009-04-04,0.47,1.40912337,28.41154195,28.87381256
2009-04-05,0.04,1.589198141,30.68213641,28.87381256
2009-04-06,0.03,1.664172246,30.69384163,28.87381256
2009-04-07,0.95,1.611823375,29.85546843,28.87381256
2009-04-08,24.18,1.407055837,27.36478077,28.87381256
2009-04-09,0.27,0.780035905,27.01758713,28.87381256
2009-04-10,4.62,1.700772699,28.79901813,28.87381256
2009-04-11,29.16,1.364238264,29.00342217,28.87381256
2009-04-12,25.3,1.649589121,28.41333325,28.87381256
2009-04-13,0.29,1.493992388,29.68627186,28.87381256
2009-04-14,1.32,1.418972406,28.66040348,28.87381256
2009-04-15,15.28,1.355691618,28.03362206,28.87381256
2009-04-16,0.04,1.990409315,30.11788593,28.87381256
2009-04-17,0.06,1.674667565,29.34099227,28.87381256
2009-04-18,0.05,1.458928278,29.71125003,28.87381256
2009-04-19,0.37,1.604604848,29.95985057,28.87381256
2009-04-20,0.02,1.714610808,30.02143313,28.87381256
2009-04-21,2.16,1.691089345,29.57882,28.87381256
2009-04-22,0,0.928698624,29.67118628,28.87381256
2009-04-23,0.22,1.715466722,29.55250202,28.87381256
2009-04-24,17.84,1.803100559,28.92446336,28.87381256
2009-04-25,0.15,1.763863969,29.44656709,28.87381256
2009-04-26,0.38,1.37546222,30.11160587,28.87381256
2009-04-27,0.03,1.357124098,29.08016507,28.87381256
2009-04-28,0.15,1.732482366,30.53779806,28.87381256
2009-04-29,0.89,1.700574282,28.40448191,28.87381256
2009-04-30,20.86,0.820361954,27.92147214,28.87381256
2009-05-01,0.11,1.262803319,27.91601273,28.87381256
2009-05-02,29.62,1.51018486,28.45654921,28.87381256
2009-05-03,33.61,1.454436148,27.79236384,28.87381256
2009-05-04,2.87,1.529014399,27.25362362,28.87381256
2009-05-05,0.81,1.58992817,28.10985083,28.87381256
2009-05-06,5.89,1.624622543,28.73511364,28.87381256
2009-05-07,10.24,1.714648693,28.14476442,28.87381256
2009-05-08,5.31,1.721309422,27.68177776,28.87381256
2009-05-09,0.22,1.459853468,28.92510348,28.87381256
2009-05-10,0.1,1.807894514,30.2497909,28.87381256
2009-05-11,0.93,2.191454528,30.62250047,28.87381256
2009-05-12,1.24,1.614610651,29.8468904,28.87381256
2009-05-13,13.85,1.594461919,28.59250686,28.87381256
2009-05-14,0.1,1.338477093,29.02618753,28.87381256
2009-05-15,0.09,1.619427997,29.74936532,28.87381256
2009-05-16,1.12,1.527703579,28.5973472,28.87381256
2009-05-17,6.31,1.60994399,29.36878897,28.87381256
2009-05-18,0.7,1.583642283,29.16118648,28.87381256
2009-05-19,0.53,1.658198982,28.67578637,28.87381256
2009-05-20,0,1.46390568,29.25435994,28.87381256
2009-05-21,0,1.463879011,28.29404083,28.87381256
2009-05-22,0,1.501502484,28.22966833,28.87381256
2009-05-23,0,1.739404704,29.07883696,28.87381256
2009-05-24,0.02,1.503328539,29.60263235,28.87381256
2009-05-25,5.24,1.652126987,28.72925883,28.87381256
2009-05-26,0.08,1.557840842,29.84341962,28.87381256
2009-05-27,0.06,1.687384376,30.61702156,28.87381256
2009-05-28,5.74,1.587783874,30.00346657,28.87381256
2009-05-29,0.99,1.77989874,27.55850303,28.87381256
2009-05-30,5.14,0.653868837,28.77322274,28.87381256
2009-05-31,0.39,1.683720096,29.16553887,28.87381256
2009-06-01,0.01,1.564585344,30.78080655,28.87381256
2009-06-02,0,2.082737907,31.59898349,28.87381256
2009-06-03,0,1.735492868,30.93247435,28.87381256
2009-06-04,0,1.553291172,30.60945558,28.87381256
2009-06-05,2.1,1.067387825,28.75898507,28.87381256
2009-06-06,0.21,1.27688523,28.2487656,28.87381256
2009-06-07,0.49,1.196147948,27.81491702,28.87381256
2009-06-08,22.36,1.315944456,29.26528978,28.87381256
2009-06-09,0.33,1.146609783,29.58384302,28.87381256
2009-06-10,5.9,1.596729729,28.47709441,28.87381256
2009-06-11,20.85,1.274254728,28.53073463,28.87381256
2009-06-12,20.79,1.874317325,29.27548044,28.87381256
2009-06-13,2.37,1.02030373,28.09766658,28.87381256
2009-06-14,0.01,1.423799587,27.62609094,28.87381256
2009-06-15,4.4,1.616432041,29.01798441,28.87381256
2009-06-16,8.82,1.421368444,28.49505077,28.87381256
2009-06-17,0.04,0.967367563,29.720771,28.87381256
2009-06-18,0.07,1.477494804,30.11450474,28.87381256
2009-06-19,0.09,1.452487983,30.62442591,28.87381256
2009-06-20,4.37,1.46037808,30.11522216,28.87381256
2009-06-21,0.09,1.604153716,29.63369427,28.87381256
2009-06-22,34.21,1.370656106,27.17335266,28.87381256
2009-06-23,3.56,1.05889028,27.901959,28.87381256
2009-06-24,0.03,1.632332484,28.91337247,28.87381256
2009-06-25,3.3,1.535709747,28.35700511,28.87381256
2009-06-26,0,1.273289292,29.03366301,28.87381256
2009-06-27,0,1.395753721,28.47560229,28.87381256
2009-06-28,0,1.243451076,28.06264541,28.87381256
2009-06-29,0.15,1.692571439,28.21717048,28.87381256
2009-06-30,0.86,1.189608911,28.20142227,28.87381256
2009-07-01,5.4,1.398458163,28.53879179,28.87381256
2009-07-02,1.41,1.507640938,29.1466588,28.87381256
2009-07-03,1.07,1.650940189,28.30109466,28.87381256
2009-07-04,0.73,1.428384832,28.32092763,28.87381256
2009-07-05,0.01,1.632266029,27.90016217,28.87381256
2009-07-06,0.62,1.854493331,30.47558523,28.87381256
2009-07-07,0,1.495081837,28.63517348,28.87381256
2009-07-08,15.33,1.747901271,29.53518537,28.87381256
2009-07-09,0.07,1.66518401,29.1032759,28.87381256
2009-07-10,0,1.559971536,28.44849308,28.87381256
2009-07-11,0.41,1.475247585,28.36388046,28.87381256
2009-07-12,0.06,1.842002555,28.90506929,28.87381256
2009-07-13,0.7,1.681079302,29.30404937,28.87381256
2009-07-14,0.01,1.775653246,28.52731666,28.87381256
2009-07-15,0.74,1.747007907,28.5311569,28.87381256
2009-07-16,0,1.667151381,29.34397031,28.87381256
2009-07-17,0.14,1.631380151,29.54646237,28.87381256
2009-07-18,0.3,1.822632068,29.32867802,28.87381256
2009-07-19,0,1.664957977,28.79186452,28.87381256
2009-07-20,0.42,1.32495348,28.5981449,28.87381256
2009-07-21,0.45,1.389908228,28.37819704,28.87381256
2009-07-22,14.32,1.610836918,28.68420455,28.87381256
2009-07-23,0.6,1.352015195,28.67128593,28.87381256
2009-07-24,0,1.46899586,30.35896018,28.87381256
2009-07-25,0,1.432115539,30.46396007,28.87381256
2009-07-26,0,1.509044387,30.82094148,28.87381256
2009-07-27,0,1.802311558,30.19616425,28.87381256
2009-07-28,0.02,1.517884959,30.20859363,28.87381256
2009-07-29,0.01,1.829606788,29.91861703,28.87381256
2009-07-30,0,1.323434913,27.86620884,28.87381256
2009-07-31,0,1.627091615,30.39513044,28.87381256
2009-08-01,0.01,1.520905763,29.1169425,28.87381256
2009-08-02,0,1.798329536,30.16016319,28.87381256
2009-08-03,0.01,1.560615925,30.6290799,28.87381256
2009-08-04,0,1.738166427,29.14690367,28.87381256
2009-08-05,0.01,1.329922464,29.94240817,28.87381256
2009-08-06,1.25,1.669185203,29.61742127,28.87381256
2009-08-07,0.85,1.061642466,28.71345016,28.87381256
2009-08-08,1.88,1.385629973,28.14942311,28.87381256
2009-08-09,0.46,1.371556945,28.53109615,28.87381256
2009-08-10,0.02,1.483746976,29.59586347,28.87381256
2009-08-11,0.67,1.703648903,30.57223258,28.87381256
2009-08-12,0,1.56449686,28.91618529,28.87381256
2009-08-13,1.23,1.985398698,29.25449566,28.87381256
2009-08-14,11.42,1.460877406,28.66653625,28.87381256
2009-08-15,0.04,1.535695222,29.89884272,28.87381256
2009-08-16,4.38,1.49322723,30.07331801,28.87381256
2009-08-17,3.29,1.50627165,28.08649132,28.87381256
2009-08-18,0.31,1.510190932,28.83524629,28.87381256
2009-08-19,1.52,1.699309342,28.97523205,28.87381256
2009-08-20,0.46,1.34326121,28.37282086,28.87381256
2009-08-21,4.4,1.371670698,28.30548548,28.87381256
2009-08-22,0.05,1.086878141,29.98002952,28.87381256
2009-08-23,5.93,1.615195171,28.88696476,28.87381256
2009-08-24,16.49,0.879867558,28.86885802,28.87381256
2009-08-25,13.82,1.638312748,29.15043844,28.87381256
2009-08-26,1.88,1.531646297,28.97045039,28.87381256
2009-08-27,0,1.619268421,29.24290548,28.87381256
2009-08-28,0,1.815653127,30.33207932,28.87381256
2009-08-29,0.04,1.623711877,29.70207722,28.87381256
2009-08-30,3.24,1.620019076,29.62409585,28.87381256
2009-08-31,12.87,1.990781805,28.83765032,28.87381256
2009-09-01,0,1.900407034,31.31325094,28.87381256
2009-09-02,0.01,1.816768772,31.51189285,28.87381256
2009-09-03,0.07,1.758407835,31.48003887,28.87381256
2009-09-04,2.32,1.664025289,29.63284739,28.87381256
2009-09-05,4.01,1.443786885,29.88937772,28.87381256
2009-09-06,0.01,1.646814049,29.55975408,28.87381256
2009-09-07,0.61,1.926553378,31.05536634,28.87381256
2009-09-08,0.21,1.462003364,30.09283229,28.87381256
2009-09-09,0.09,1.571345273,29.65714444,28.87381256
2009-09-10,2.12,1.721811558,29.89402563,28.87381256
2009-09-11,0.01,1.407120418,29.94062602,28.87381256
2009-09-12,0,1.981558477,29.69671511,28.87381256
2009-09-13,0.04,1.45564962,28.48127427,28.87381256
2009-09-14,1.92,2.030206099,29.58686584,28.87381256
2009-09-15,12.28,1.558987379,27.79346612,28.87381256
2009-09-16,13.68,0.867971115,28.24268995,28.87381256
2009-09-17,10.58,1.221284398,28.02422809,28.87381256
2009-09-18,18.18,1.707162937,28.65329712,28.87381256
2009-09-19,0.35,1.844483781,29.94041301,28.87381256
2009-09-20,0.01,1.686721721,30.45910104,28.87381256
2009-09-21,0.2,1.877734945,30.82734093,28.87381256
2009-09-22,0.45,1.578315296,29.90908693,28.87381256
2009-09-23,0,1.742484904,30.29532587,28.87381256
2009-09-24,0,1.925497149,31.83916501,28.87381256
2009-09-25,0.02,1.817075306,31.24841437,28.87381256
2009-09-26,0.19,1.479151435,31.23439832,28.87381256
2009-09-27,0.02,1.76224946,30.96008903,28.87381256
2009-09-28,0,1.69040422,29.92695543,28.87381256
2009-09-29,0,1.633413994,29.11939042,28.87381256
2009-09-30,0,1.701666078,30.68050129,28.87381256
2009-10-01,0.19,1.930412791,30.74481347,28.87381256
2009-10-02,3.12,1.577236166,29.69008969,28.87381256
2009-10-03,7.15,1.568180808,30.07103654,28.87381256
2009-10-04,5.21,1.598622234,29.60617245,28.87381256
2009-10-05,0.06,1.328675292,29.18888283,28.87381256
2009-10-06,0,1.727242906,29.47807492,28.87381256
2009-10-07,0.88,1.393694642,29.43419988,28.87381256
2009-10-08,1.98,1.514741568,29.62705929,28.87381256
2009-10-09,0,1.687704913,29.9582419,28.87381256
2009-10-10,0.08,1.9000743,30.98821089,28.87381256
2009-10-11,2.18,1.544853075,29.84153516,28.87381256
2009-10-12,1.45,1.603350673,27.59818587,28.87381256
2009-10-13,9.53,1.384147885,27.89367999,28.87381256
2009-10-14,5.68,1.391796976,28.36431353,28.87381256
2009-10-15,10.07,1.479387318,27.11521804,28.87381256
2009-10-16,0,1.280826515,27.60078758,28.87381256
2009-10-17,1.23,1.404652778,28.89295402,28.87381256
2009-10-18,1.58,1.508914757,29.6534112,28.87381256
2009-10-19,3.49,1.736905214,28.55225767,28.87381256
2009-10-20,2.62,1.326588116,28.69393066,28.87381256
2009-10-21,0.14,1.218461585,28.26959649,28.87381256
2009-10-22,0.28,1.543380349,29.18694961,28.87381256
2009-10-23,0.07,1.608044485,29.61746008,28.87381256
2009-10-24,50.41,1.03488681,28.8530042,28.87381256
2009-10-25,1.06,1.521164082,29.15031791,28.87381256
2009-10-26,0,1.551936849,29.49256498,28.87381256
2009-10-27,2.09,1.700448388,30.36816426,28.87381256
2009-10-28,0.1,1.867671103,30.35349876,28.87381256
2009-10-29,0.52,1.711160415,29.81654268,28.87381256
2009-10-30,10.61,1.427382422,28.30282254,28.87381256
2009-10-31,1.6,1.246187325,28.65372568,28.87381256
2009-11-01,2.73,1.269236148,27.9231241,28.87381256
2009-11-02,17.91,1.421478446,27.994217,28.87381256
2009-11-03,7.09,1.397191814,28.63665887,28.87381256
2009-11-04,1.68,1.418046286,28.35938773,28.87381256
2009-11-05,12.48,1.442194349,28.05399991,28.87381256
2009-11-06,20.45,1.204919715,27.68016929,28.87381256
2009-11-07,1.34,1.334918121,28.30745504,28.87381256
2009-11-08,2.58,1.574214898,27.8996729,28.87381256
2009-11-09,0.69,1.395206646,29.48092056,28.87381256
2009-11-10,10.73,1.745434115,30.7071764,28.87381256
2009-11-11,6.47,1.667146685,29.79207973,28.87381256
2009-11-12,22.08,1.485713885,29.89803781,28.87381256
2009-11-13,3.85,1.410285806,28.3290971,28.87381256
2009-11-14,0.72,1.330206973,28.64020776,28.87381256
2009-11-15,0.2,1.585447728,29.77764503,28.87381256
2009-11-16,3.27,1.618849611,30.2770578,28.87381256
2009-11-17,8.58,1.498806466,28.88584184,28.87381256
2009-11-18,4.26,1.470687147,28.79972286,28.87381256
2009-11-19,0.03,1.450295507,28.45570776,28.87381256
2009-11-20,0.34,1.305221716,31.08187322,28.87381256
2009-11-21,0.17,1.51188502,30.41223412,28.87381256
2009-11-22,0.98,1.39867716,29.95365096,28.87381256
2009-11-23,0.01,1.409399455,29.75333855,28.87381256
2009-11-24,1.68,1.707510182,30.45094205,28.87381256
2009-11-25,0.08,1.557062591,30.48972106,28.87381256
2009-11-26,0.28,1.34983207,30.14563848,28.87381256
2009-11-27,3.48,1.378954285,29.8900424,28.87381256
2009-11-28,2.86,1.339996606,28.83684115,28.87381256
2009-11-29,0.4,1.237564858,28.92765682,28.87381256
2009-11-30,0.05,1.172290491,29.26045737,28.87381256
2009-12-01,1.8,1.243713145,30.15584564,28.87381256
2009-12-02,0.01,1.718326061,31.60634232,28.87381256
2009-12-03,0,1.661855736,31.16723744,28.87381256
2009-12-04,0.25,1.443498613,31.47818936,28.87381256
2009-12-05,0.14,1.804418865,32.19951823,28.87381256
2009-12-06,2.31,1.548936626,29.87240913,28.87381256
2009-12-07,0.1,1.288490135,29.78603125,28.87381256
2009-12-08,1.56,1.527524818,30.37519264,28.87381256
2009-12-09,0.06,1.672192428,30.26981718,28.87381256
2009-12-10,0.02,1.464551977,30.32904578,28.87381256
2009-12-11,0.4,1.406381014,29.3868213,28.87381256
2009-12-12,0.11,1.467142684,29.58875547,28.87381256
2009-12-13,0.01,1.46461562,30.20548531,28.87381256
2009-12-14,0.04,1.628299444,31.0082385,28.87381256
2009-12-15,0.25,1.757508372,31.72509892,28.87381256
2009-12-16,0.11,1.436597817,31.49753676,28.87381256
2009-12-17,0.34,1.567059063,30.85367222,28.87381256
2009-12-18,20.82,1.316717067,28.55986347,28.87381256
2009-12-19,28.4,0.359621735,28.10155065,28.87381256
2009-12-20,0.63,1.71735266,27.2731889,28.87381256
2009-12-21,8.61,1.686511596,28.3036067,28.87381256
2009-12-22,0.1,1.190666066,28.85577742,28.87381256
2009-12-23,0.31,1.404942447,28.63063864,28.87381256
2009-12-24,0.19,1.591185147,28.61978274,28.87381256
2009-12-25,23.46,1.235500155,29.32505843,28.87381256
2009-12-26,15.36,1.667878134,29.12863659,28.87381256
2009-12-27,14.27,1.580460516,28.42290092,28.87381256
2009-12-28,0.06,1.304931095,27.66368334,28.87381256
2009-12-29,0.33,1.533212143,29.40835756,28.87381256
2009-12-30,0.02,1.473466929,29.86038795,28.87381256
2009-12-31,0.42,1.416303519,31.24562088,28.87381256
2010-01-01,0.75,1.789941525,31.20125421,28.87381256
2010-01-02,0.47,1.745573565,30.6376445,28.87381256
2010-01-03,0.13,1.79701875,31.86759297,28.87381256
2010-01-04,0.01,1.759442033,31.81687194,28.87381256
2010-01-05,0.48,1.898553836,31.36429242,28.87381256
2010-01-06,0.08,1.863427939,30.63627888,28.87381256
2010-01-07,0.01,1.482051044,30.32445715,28.87381256
2010-01-08,0.07,1.478564608,31.3249896,28.87381256
2010-01-09,0.03,1.60639769,31.05824779,28.87381256
2010-01-10,1.47,1.49614087,29.58604759,28.87381256
2010-01-11,0.86,1.418943354,28.96320041,28.87381256
2010-01-12,0.01,1.267411949,30.58780415,28.87381256
2010-01-13,0.93,1.604003525,30.52574784,28.87381256
2010-01-14,0.48,1.49652648,32.32752824,28.87381256
2010-01-15,0.11,1.770045956,32.38157607,28.87381256
2010-01-16,0,1.705669173,30.53954879,28.87381256
2010-01-17,0.07,1.481460906,30.91527952,28.87381256
2010-01-18,0.31,1.426110948,30.84399718,28.87381256
2010-01-19,0.04,1.75827725,31.02146267,28.87381256
2010-01-20,0.16,1.420510173,31.49415385,28.87381256
2010-01-21,0.44,1.556699434,33.05745508,28.87381256
2010-01-22,1.84,1.71001762,33.08757735,28.87381256
2010-01-23,3.43,1.600192288,31.15570506,28.87381256
2010-01-24,4.94,1.310222513,29.41731346,28.87381256
2010-01-25,2.15,1.18983214,30.04303392,28.87381256
2010-01-26,0.39,1.477694628,31.03990508,28.87381256
2010-01-27,3.6,1.258828343,30.88177111,28.87381256
2010-01-28,9.56,1.560768508,31.43938695,28.87381256
2010-01-29,0.29,1.437463584,30.7090404,28.87381256
2010-01-30,0.03,1.745095777,31.79080592,28.87381256
2010-01-31,0.02,1.320008353,31.95815429,28.87381256
2010-02-01,0.07,1.692335556,32.90871112,28.87381256
2010-02-02,0.05,1.426244772,31.69283136,28.87381256
2010-02-03,0.04,1.421904288,32.20574141,28.87381256
2010-02-04,0.01,1.424161815,32.70325329,28.87381256
2010-02-05,0.48,1.542236585,32.27733385,28.87381256
2010-02-06,5.96,1.396400924,29.52785702,28.87381256
2010-02-07,0.48,0.917178429,28.7420165,28.87381256
2010-02-08,0.18,1.329932287,31.02061636,28.87381256
2010-02-09,5.62,1.581803137,29.68990845,28.87381256
2010-02-10,0.42,1.374934845,29.29478682,28.87381256
2010-02-11,0.23,1.535615664,30.71907232,28.87381256
2010-02-12,0,1.579451999,31.85164274,28.87381256
2010-02-13,0.09,1.826623897,32.18158928,28.87381256
2010-02-14,6.35,1.704212805,30.60076994,28.87381256
2010-02-15,0.01,1.525657121,31.27299877,28.87381256
2010-02-16,0.16,1.735631864,30.18190017,28.87381256
2010-02-17,0.08,1.320682275,29.77715432,28.87381256
2010-02-18,0.03,1.726246578,31.92461115,28.87381256
2010-02-19,0.12,1.811698245,32.34682816,28.87381256
2010-02-20,0.4,1.510854526,30.17110636,28.87381256
2010-02-21,3.63,1.249408875,33.31373682,28.87381256
2010-02-22,1.07,1.555732596,30.142363,28.87381256
2010-02-23,25.44,1.840408632,30.57587191,28.87381256
2010-02-24,2.75,1.44901279,29.15236737,28.87381256
2010-02-25,11.96,1.632641346,28.58647726,28.87381256
2010-02-26,14.7,1.283135058,28.89220737,28.87381256
2010-02-27,0.3,1.742249992,30.69973789,28.87381256
2010-02-28,0.05,2.127821863,31.42881098,28.87381256
2010-03-01,0.03,1.561532686,30.90193971,28.87381256
2010-03-02,2.38,1.577181854,30.95662278,28.87381256
2010-03-03,2.03,1.627568011,29.59414176,28.87381256
2010-03-04,0.01,1.606685472,29.85092952,28.87381256
2010-03-05,0.01,1.58666213,30.78918911,28.87381256
2010-03-06,7.28,1.42388429,30.6325795,28.87381256
2010-03-07,1.38,1.674437769,31.37851722,28.87381256
2010-03-08,0.54,1.886518407,31.26064131,28.87381256
2010-03-09,1.8,1.582347386,30.01807849,28.87381256
2010-03-10,14.82,1.324601086,30.45978895,28.87381256
2010-03-11,11.87,1.81293043,29.70649147,28.87381256
2010-03-12,0.06,1.651897196,30.40813969,28.87381256
2010-03-13,0.18,1.759371409,30.12476272,28.87381256
2010-03-14,11.72,1.391863897,31.3279156,28.87381256
2010-03-15,0.06,1.94295785,32.05803128,28.87381256
2010-03-16,0.27,1.86655825,31.50400614,28.87381256
2010-03-17,2.96,1.88171275,30.35496292,28.87381256
2010-03-18,2.01,1.457892654,28.43496284,28.87381256
2010-03-19,0.07,1.494904499,29.19626577,28.87381256
2010-03-20,1.84,1.767531064,29.53535592,28.87381256
2010-03-21,0,1.788183794,29.98491369,28.87381256
2010-03-22,1.96,1.65793551,30.16783262,28.87381256
2010-03-23,1.86,1.58331518,30.16147502,28.87381256
2010-03-24,2.08,1.497069816,31.84015403,28.87381256
2010-03-25,0.06,2.140310756,32.63201849,28.87381256
2010-03-26,1.87,1.844403303,29.45806583,28.87381256
2010-03-27,0.03,1.220532834,30.02402715,28.87381256
2010-03-28,0.08,1.960008104,30.58542284,28.87381256
2010-03-29,1.11,1.522129967,30.64593769,28.87381256
2010-03-30,8.59,1.567807824,30.14869456,28.87381256
2010-03-31,0.45,1.544090724,29.40884042,28.87381256
2010-04-01,0.95,1.697280683,30.11558856,28.87381256
2010-04-02,2.68,1.644568213,30.92624169,28.87381256
2010-04-03,4.18,1.75201949,28.94132698,28.87381256
2010-04-04,1.48,1.095101434,29.47901091,28.87381256
2010-04-05,23.08,1.583750857,28.82236652,28.87381256
2010-04-06,12.69,1.595749309,28.63008431,28.87381256
2010-04-07,19.49,1.426319167,28.40950649,28.87381256
2010-04-08,33.02,1.484689474,29.27777584,28.87381256
2010-04-09,12.22,1.39585014,29.06470779,28.87381256
2010-04-10,0.66,1.46524314,28.60498495,28.87381256
2010-04-11,36.26,1.260507438,28.21720734,28.87381256
2010-04-12,3.38,1.367187011,28.3510479,28.87381256
2010-04-13,5.91,1.620729471,28.22988724,28.87381256
2010-04-14,18.7,1.605321306,28.80374536,28.87381256
2010-04-15,3.1,1.587590615,27.92437873,28.87381256
2010-04-16,8.55,1.407811129,28.83587859,28.87381256
2010-04-17,1.51,1.680088595,28.2355136,28.87381256
2010-04-18,0.42,1.752143036,30.47044328,28.87381256
2010-04-19,20.9,1.677816108,28.82575526,28.87381256
2010-04-20,0.17,1.496157264,29.72206744,28.87381256
2010-04-21,4.42,1.780093891,30.33822231,28.87381256
2010-04-22,0.03,1.549655913,30.85308988,28.87381256
2010-04-23,0.2,2.015653818,32.44656192,28.87381256
2010-04-24,2.64,1.858722921,31.16578799,28.87381256
2010-04-25,2.03,1.683451949,30.66006339,28.87381256
2010-04-26,39.64,1.503409029,27.95016147,28.87381256
2010-04-27,1.12,0.595609901,27.99777755,28.87381256
2010-04-28,7.32,1.714082909,29.57685989,28.87381256
2010-04-29,0.17,1.439588657,29.29169216,28.87381256
2010-04-30,2.65,1.726147847,28.72923898,28.87381256
2010-05-01,0.01,0.605153353,29.52136683,28.87381256
2010-05-02,1.32,1.337447523,29.62322057,28.87381256
2010-05-03,50.37,1.454951873,28.89604136,28.87381256
2010-05-04,6.54,1.390221763,27.07479876,28.87381256
2010-05-05,3.2,0.74506305,28.86977871,28.87381256
2010-05-06,16.51,1.502165634,28.04700864,28.87381256
2010-05-07,0.04,1.790316366,29.36142615,28.87381256
2010-05-08,0.08,1.709850997,30.70706839,28.87381256
2010-05-09,0.68,1.997210875,30.58201953,28.87381256
2010-05-10,0.93,1.863970818,29.95039175,28.87381256
2010-05-11,0.28,1.602089488,30.0754423,28.87381256
2010-05-12,2.01,1.328291101,29.24588473,28.87381256
2010-05-13,0,1.600130054,28.84080902,28.87381256
2010-05-14,0,1.475944851,28.95372136,28.87381256
2010-05-15,0.25,1.635521732,29.54887763,28.87381256
2010-05-16,0.29,1.612014801,30.39179176,28.87381256
2010-05-17,8.44,1.531240572,30.4484521,28.87381256
2010-05-18,2.54,1.822461716,30.79457872,28.87381256
2010-05-19,2.64,1.834031055,31.4012518,28.87381256
2010-05-20,8.61,1.693275261,29.76388108,28.87381256
2010-05-21,9.29,1.401926337,28.44809924,28.87381256
2010-05-22,9.38,1.349392643,28.25615677,28.87381256
2010-05-23,0.45,1.978803937,29.22491654,28.87381256
2010-05-24,2.18,1.569577714,29.6237335,28.87381256
2010-05-25,18.27,1.411605986,29.16480767,28.87381256
2010-05-26,4.06,1.115489312,28.53788873,28.87381256
2010-05-27,17.74,1.257028023,27.15741601,28.87381256
2010-05-28,0.07,1.058680639,28.33173027,28.87381256
2010-05-29,0.47,1.309607578,29.44950537,28.87381256
2010-05-30,4.58,1.467335964,29.23421024,28.87381256
2010-05-31,13.7,0.638967975,28.82341008,28.87381256
2010-06-01,4.61,1.114470513,28.63315353,28.87381256
2010-06-02,2.12,1.552790425,28.56257867,28.87381256
2010-06-03,7.77,1.455052032,28.46750658,28.87381256
2010-06-04,0,1.501409367,28.97347442,28.87381256
2010-06-05,3.66,1.554581378,29.32296916,28.87381256
2010-06-06,0.97,1.874257398,29.36985442,28.87381256
2010-06-07,0.01,1.809231532,29.21522601,28.87381256
2010-06-08,4.5,1.569196306,29.50631129,28.87381256
2010-06-09,4.65,1.498374547,28.0376142,28.87381256
2010-06-10,0.07,1.340918991,27.47432636,28.87381256
2010-06-11,0,1.627992926,28.60437567,28.87381256
2010-06-12,1.46,1.818336498,28.07672008,28.87381256
2010-06-13,0.93,1.240559463,27.39005663,28.87381256
2010-06-14,1.17,1.464012851,27.59992047,28.87381256
2010-06-15,24.68,1.66353674,28.32879189,28.87381256
2010-06-16,1.26,1.474807695,28.69629163,28.87381256
2010-06-17,0.63,0.989011039,28.80078961,28.87381256
2010-06-18,3.97,1.818899948,30.19699465,28.87381256
2010-06-19,1.7,1.576680182,28.94945312,28.87381256
2010-06-20,18.14,1.555083044,26.94120611,28.87381256
2010-06-21,7.85,0.985268163,29.03422471,28.87381256
2010-06-22,5.18,1.656708484,27.96021318,28.87381256
2010-06-23,0.44,1.517999157,28.50506403,28.87381256
2010-06-24,8.27,1.185866497,27.78257754,28.87381256
2010-06-25,0.24,1.265460042,28.70475141,28.87381256
2010-06-26,12.94,1.53659796,28.64368614,28.87381256
2010-06-27,1.45,1.154274306,28.18363215,28.87381256
2010-06-28,0,1.32758398,28.35541087,28.87381256
2010-06-29,26.56,1.525117066,28.44700623,28.87381256
2010-06-30,4.09,1.521302144,27.34480138,28.87381256
2010-07-01,10.33,1.662188467,28.13138231,28.87381256
2010-07-02,29.37,1.471582366,28.19493032,28.87381256
2010-07-03,0.26,1.506934292,28.80069308,28.87381256
2010-07-04,11.08,1.433761415,28.84280415,28.87381256
2010-07-05,3.11,1.356631329,27.72064545,28.87381256
2010-07-06,23.17,1.439554987,27.35886381,28.87381256
2010-07-07,21.34,1.609516733,27.47425272,28.87381256
2010-07-08,5.47,1.169990371,27.70685192,28.87381256
2010-07-09,7.64,1.435653439,28.60778971,28.87381256
2010-07-10,1.21,1.664212031,28.69991435,28.87381256
2010-07-11,4.47,1.204109649,28.66769791,28.87381256
2010-07-12,1.83,1.474458117,27.87304128,28.87381256
2010-07-13,6.75,1.462745091,27.64476879,28.87381256
2010-07-14,13.45,1.411074826,28.50906524,28.87381256
2010-07-15,14.09,1.326515112,27.03174424,28.87381256
2010-07-16,22.62,0.854669812,26.70136582,28.87381256
2010-07-17,0.03,1.341558246,26.8399242,28.87381256
2010-07-18,0.12,1.569860843,26.39572124,28.87381256
2010-07-19,0.01,1.567605649,27.69189479,28.87381256
2010-07-20,1.35,1.733822169,28.50006646,28.87381256
2010-07-21,0.86,1.72912277,28.49911433,28.87381256
2010-07-22,0.01,1.65663264,28.67459034,28.87381256
2010-07-23,8.61,1.565489452,29.07739258,28.87381256
2010-07-24,0.01,1.614985951,28.79428628,28.87381256
2010-07-25,0.04,2.000651437,30.30400915,28.87381256
2010-07-26,7.92,1.489643938,28.85570108,28.87381256
2010-07-27,8.62,1.418051898,28.5199274,28.87381256
2010-07-28,0.04,1.531616819,28.38113448,28.87381256
2010-07-29,1.07,1.242509033,28.22924164,28.87381256
2010-07-30,0.22,1.503594799,28.19740996,28.87381256
2010-07-31,16.14,1.477313239,27.80079576,28.87381256
2010-08-01,8.25,1.075793171,27.43616919,28.87381256
2010-08-02,0.26,1.320618135,28.22414405,28.87381256
2010-08-03,14.24,1.747859157,28.90963113,28.87381256
2010-08-04,17.88,1.44472752,27.38476438,28.87381256
2010-08-05,0,1.88671497,29.63815606,28.87381256
2010-08-06,0.12,1.53764577,28.64311707,28.87381256
2010-08-07,0.7,1.3711882,28.51636674,28.87381256
2010-08-08,0.2,1.57104201,27.96102779,28.87381256
2010-08-09,0.12,1.478687675,27.6496087,28.87381256
2010-08-10,0,1.532457764,29.59071106,28.87381256
2010-08-11,0,1.657962194,29.34325212,28.87381256
2010-08-12,4.81,1.659947351,28.55601932,28.87381256
2010-08-13,6.32,1.540664678,26.71449621,28.87381256
2010-08-14,1.86,1.743917389,27.70802344,28.87381256
2010-08-15,3.39,1.717895533,27.68239688,28.87381256
2010-08-16,0.18,1.369841383,27.00292416,28.87381256
2010-08-17,0.15,1.568134465,28.12901928,28.87381256
2010-08-18,1.72,1.708287964,26.87876594,28.87381256
2010-08-19,4.45,1.363117477,28.42499523,28.87381256
2010-08-20,0.56,1.455498015,26.69589289,28.87381256
2010-08-21,0,1.298596556,28.60488667,28.87381256
2010-08-22,0,1.603249582,28.40261616,28.87381256
2010-08-23,0,1.672076365,29.53373444,28.87381256
2010-08-24,0.34,1.747178246,28.59012083,28.87381256
2010-08-25,2.08,1.427620134,28.43585685,28.87381256
2010-08-26,4.92,1.491021214,28.98277281,28.87381256
2010-08-27,3.01,1.315246242,28.35286355,28.87381256
2010-08-28,2.26,1.852371539,28.58688809,28.87381256
2010-08-29,1.63,1.63074369,29.17311225,28.87381256
2010-08-30,0,1.386931401,29.57175034,28.87381256
2010-08-31,1.51,1.721082473,29.26306435,28.87381256
2010-09-01,26.57,1.477772304,28.45886248,28.87381256
2010-09-02,11.44,1.219133585,26.92821704,28.87381256
2010-09-03,0.01,0.834823845,27.35890644,28.87381256
2010-09-04,2.23,1.448933671,30.17212765,28.87381256
2010-09-05,6.29,1.477112461,27.3084711,28.87381256
2010-09-06,6.27,1.859538104,28.59450049,28.87381256
2010-09-07,3.82,1.855001561,27.37186357,28.87381256
2010-09-08,3.53,1.126388021,27.58155173,28.87381256
2010-09-09,0.4,1.731404615,27.77298188,28.87381256
2010-09-10,1.5,1.995510736,27.87797208,28.87381256
2010-09-11,0.05,0.672704901,28.31515702,28.87381256
2010-09-12,0.14,1.769975301,28.80806846,28.87381256
2010-09-13,0.02,1.508549768,29.35940055,28.87381256
2010-09-14,0.61,1.638265031,29.06688894,28.87381256
2010-09-15,0.71,1.423219283,29.19824304,28.87381256
2010-09-16,0.86,1.519402602,29.28036169,28.87381256
2010-09-17,2.5,1.694319772,29.10567744,28.87381256
2010-09-18,0.42,1.431941906,28.42984268,28.87381256
2010-09-19,0.09,1.689471546,29.24781876,28.87381256
2010-09-20,19.23,1.40773302,27.43155784,28.87381256
2010-09-21,12.16,1.277626493,27.7495139,28.87381256
2010-09-22,5.55,1.625312327,28.18184958,28.87381256
2010-09-23,7.79,1.662890934,28.32474891,28.87381256
2010-09-24,3.06,0.508475395,28.19257048,28.87381256
2010-09-25,5.72,1.0505458,27.87138442,28.87381256
2010-09-26,4.95,0.799243088,27.85973587,28.87381256
2010-09-27,10.49,1.51895243,28.09472641,28.87381256
2010-09-28,23.97,1.388755609,28.02759329,28.87381256
2010-09-29,5.04,1.804935517,29.06313892,28.87381256
2010-09-30,7.23,1.798439982,28.31560278,28.87381256
2010-10-01,9.36,1.632993252,28.70911167,28.87381256
2010-10-02,2.92,1.459538517,29.01842122,28.87381256
2010-10-03,1.26,1.424070544,29.49919043,28.87381256
2010-10-04,22.02,1.647003564,28.28551436,28.87381256
2010-10-05,1.96,1.098445595,27.96138275,28.87381256
2010-10-06,16.83,1.551505365,27.69103922,28.87381256
2010-10-07,1.48,0.919185587,29.81277785,28.87381256
2010-10-08,10.35,1.555043723,28.93632334,28.87381256
2010-10-09,1.79,1.458684458,28.05153536,28.87381256
2010-10-10,0.01,1.744817779,30.97244963,28.87381256
2010-10-11,0.02,2.14013621,30.40449125,28.87381256
2010-10-12,0.02,1.70658032,30.30548079,28.87381256
2010-10-13,0.01,1.643047752,30.0095382,28.87381256
2010-10-14,0.12,1.67345455,30.13848375,28.87381256
2010-10-15,0.92,1.56514643,29.16036957,28.87381256
2010-10-16,6.33,1.271112727,28.81044789,28.87381256
2010-10-17,5.53,1.455643561,28.13462658,28.87381256
2010-10-18,4.68,1.069909759,27.89192823,28.87381256
2010-10-19,1.92,1.344417121,28.08465677,28.87381256
2010-10-20,6.22,1.496652388,27.78469264,28.87381256
2010-10-21,10.82,1.154394558,27.7856626,28.87381256
2010-10-22,1.49,1.435634251,27.75889879,28.87381256
2010-10-23,1.34,1.44078107,28.14954479,28.87381256
2010-10-24,2.5,1.319974656,27.50378799,28.87381256
2010-10-25,1.86,1.439748246,26.98337911,28.87381256
2010-10-26,21.42,1.342900379,28.04735981,28.87381256
2010-10-27,20.86,1.576709664,28.65844414,28.87381256
2010-10-28,7.97,1.348797388,28.45516421,28.87381256
2010-10-29,0.88,1.226199105,27.79886269,28.87381256
2010-10-30,3.55,1.155274856,27.74480175,28.87381256
2010-10-31,9.11,1.363088466,28.38370075,28.87381256
2010-11-01,11.23,1.440636457,26.93130911,28.87381256
2010-11-02,10.05,0.361771152,28.30103919,28.87381256
2010-11-03,2.82,1.523874598,28.39371651,28.87381256
2010-11-04,1.54,1.136790696,28.02244694,28.87381256
2010-11-05,0.41,1.427867245,29.18597256,28.87381256
2010-11-06,43.83,1.328507778,28.79833545,28.87381256
2010-11-07,1.63,1.084167624,28.29596322,28.87381256
2010-11-08,0.74,1.26731511,27.34006858,28.87381256
2010-11-09,2.44,0.956225981,27.44654773,28.87381256
2010-11-10,12.12,1.25110295,27.95233881,28.87381256
2010-11-11,42.14,1.122965728,28.09528184,28.87381256
2010-11-12,0.95,1.169522886,27.35318529,28.87381256
2010-11-13,2.9,0.883548209,26.6147225,28.87381256
2010-11-14,7.63,1.101408814,27.14971815,28.87381256
2010-11-15,5.11,1.154899507,27.86223731,28.87381256
2010-11-16,1.25,1.515187562,27.94457635,28.87381256
2010-11-17,27.68,1.630263062,27.82398337,28.87381256
2010-11-18,2.86,1.197647815,26.79878569,28.87381256
2010-11-19,4.71,1.341313469,25.91905429,28.87381256
2010-11-20,6.73,1.514919395,27.12440797,28.87381256
2010-11-21,0.27,1.588505032,27.39797431,28.87381256
2010-11-22,9.84,1.462866302,27.86198895,28.87381256
2010-11-23,2.38,1.45349837,26.7522035,28.87381256
2010-11-24,5.37,1.419556906,27.50883167,28.87381256
2010-11-25,4.73,1.533925797,27.72452072,28.87381256
2010-11-26,1.17,1.330354891,27.6667075,28.87381256
2010-11-27,9.98,1.07355812,28.22150243,28.87381256
2010-11-28,9.6,1.27559922,26.25289257,28.87381256
2010-11-29,2.29,1.010278256,28.6591053,28.87381256
2010-11-30,0.33,1.398147422,29.01282896,28.87381256
2010-12-01,1.62,1.158199228,28.49662851,28.87381256
2010-12-02,4.66,0.847570595,27.49742975,28.87381256
2010-12-03,14.86,0.232763931,26.85066838,28.87381256
2010-12-04,27.21,0.703226838,27.41330648,28.87381256
2010-12-05,0.27,1.083416968,27.68738117,28.87381256
2010-12-06,0,0.846198951,28.37705301,28.87381256
2010-12-07,4.53,1.527374609,29.44969754,28.87381256
2010-12-08,5.36,1.363231186,27.70435059,28.87381256
2010-12-09,9.1,1.519117148,28.43189482,28.87381256
2010-12-10,1.9,1.133686115,28.34095541,28.87381256
2010-12-11,0.3,1.233206129,28.60499039,28.87381256
2010-12-12,0.88,1.310016613,29.31956064,28.87381256
2010-12-13,12.87,1.082997195,27.91752946,28.87381256
2010-12-14,1.76,1.101228177,27.49231765,28.87381256
2010-12-15,2.45,0.968215537,27.64322401,28.87381256
2010-12-16,8.66,1.025533846,27.79040371,28.87381256
2010-12-17,3.62,1.42247943,28.63357015,28.87381256
2010-12-18,7.32,1.352180869,28.19877573,28.87381256
2010-12-19,2.54,1.284139333,26.82083998,28.87381256
2010-12-20,4.26,1.307517594,27.09335471,28.87381256
2010-12-21,1.92,1.289279595,27.48984159,28.87381256
2010-12-22,0.93,1.330652501,27.52956275,28.87381256
2010-12-23,2.11,1.1842225,27.56424492,28.87381256
2010-12-24,70.41,1.209611207,27.12514931,28.87381256
2010-12-25,0.59,1.195870926,27.92001383,28.87381256
2010-12-26,31,1.280017877,28.34583919,28.87381256
2010-12-27,0.06,1.173029902,27.92780285,28.87381256
2010-12-28,0.72,1.253240212,28.14449282,28.87381256
2010-12-29,11.9,1.333094395,28.18813045,28.87381256
2010-12-30,0.01,1.569494892,28.96199841,28.87381256
2010-12-31,0.04,0.696524005,29.22111546,28.87381256
2011-01-01,0.27,1.530049525,29.42822857,28.87381256
2011-01-02,0.13,1.387507029,29.81137209,28.87381256
2011-01-03,10.03,1.363898066,29.28886118,28.87381256
2011-01-04,26.94,1.310243557,27.99277799,28.87381256
2011-01-05,26.71,1.097082378,26.64566102,28.87381256
2011-01-06,3.44,1.353461248,27.82091042,28.87381256
2011-01-07,3.33,1.368171147,28.67629808,28.87381256
2011-01-08,0.77,1.079872504,28.50493922,28.87381256
2011-01-09,3.66,1.2494412,28.5229453,28.87381256
2011-01-10,0.05,1.319735542,29.23565018,28.87381256
2011-01-11,0,1.503859228,30.26478823,28.87381256
2011-01-12,3.16,1.358484481,29.16964561,28.87381256
2011-01-13,5.6,1.488241417,30.89599939,28.87381256
2011-01-14,2.76,1.648849264,31.15739477,28.87381256
2011-01-15,1.18,1.466376595,30.48781187,28.87381256
2011-01-16,2.26,1.654969469,30.28070773,28.87381256
2011-01-17,0.16,1.295130726,29.35417488,28.87381256
2011-01-18,0.72,1.504703456,28.68928633,28.87381256
2011-01-19,0.18,1.387916517,29.12630917,28.87381256
2011-01-20,0.3,1.325880073,28.71082604,28.87381256
2011-01-21,0.55,1.141194354,28.57667274,28.87381256
2011-01-22,0.08,1.386504621,29.07836432,28.87381256
2011-01-23,0.08,1.451476208,28.75157603,28.87381256
2011-01-24,0.17,1.437327392,29.86659221,28.87381256
2011-01-25,0.57,1.801935781,30.63482651,28.87381256
2011-01-26,0.07,1.739474422,30.92830291,28.87381256
2011-01-27,0.66,1.595900471,29.00130673,28.87381256
2011-01-28,0.39,1.531335555,27.73343275,28.87381256
2011-01-29,0.67,1.397269044,28.3004707,28.87381256
2011-01-30,0.43,1.203337017,29.7934817,28.87381256
2011-01-31,0.11,1.781763144,30.11504338,28.87381256
2011-02-01,0.65,1.480465071,29.31708259,28.87381256
2011-02-02,0.01,1.355867109,30.68472204,28.87381256
2011-02-03,0.01,1.722875263,31.18631952,28.87381256
2011-02-04,1.4,1.919849144,30.96531422,28.87381256
2011-02-05,1.59,1.458269364,28.59476098,28.87381256
2011-02-06,3.78,1.05349686,28.91389446,28.87381256
2011-02-07,19.02,1.065928201,27.78813431,28.87381256
2011-02-08,5.78,1.067196421,26.81534651,28.87381256
2011-02-09,5.23,0.948012035,26.75218597,28.87381256
2011-02-10,0.73,1.456535504,26.85402926,28.87381256
2011-02-11,4.13,1.569714821,27.79950789,28.87381256
2011-02-12,14.57,1.32614916,27.62584755,28.87381256
2011-02-13,3.7,1.603300597,28.02622495,28.87381256
2011-02-14,12.93,0.545180239,27.35330243,28.87381256
2011-02-15,1.31,0.969573601,28.4583803,28.87381256
2011-02-16,24.45,1.591960588,28.37386596,28.87381256
2011-02-17,1.3,0.966987094,27.77739401,28.87381256
2011-02-18,1.47,1.691270929,27.96720048,28.87381256
2011-02-19,4.77,1.479287632,27.85082221,28.87381256
2011-02-20,5.46,1.577520204,27.72516435,28.87381256
2011-02-21,0.58,1.085737196,28.37450034,28.87381256
2011-02-22,1.39,1.496441309,27.94754731,28.87381256
2011-02-23,9.72,1.42177092,28.60974115,28.87381256
2011-02-24,13.45,1.023065263,26.95289554,28.87381256
2011-02-25,2.98,1.22875377,28.36716309,28.87381256
2011-02-26,0.82,2.098241064,29.16724713,28.87381256
2011-02-27,3.18,1.321877923,29.19017845,28.87381256
2011-02-28,6.43,1.383180125,28.50223541,28.87381256
2011-03-01,30.17,1.455695024,28.02952269,28.87381256
2011-03-02,1.77,0.750254314,27.20257033,28.87381256
2011-03-03,8.43,1.489880755,27.28173796,28.87381256
2011-03-04,4.96,1.882582725,26.8241917,28.87381256
2011-03-05,3.24,1.646675963,26.97563932,28.87381256
2011-03-06,10.95,1.236357007,27.18308166,28.87381256
2011-03-07,2.82,1.411665894,27.67257817,28.87381256
2011-03-08,6.68,1.798571942,28.12297467,28.87381256
2011-03-09,21.61,1.150255318,27.89511906,28.87381256
2011-03-10,7.93,1.27180907,26.93014458,28.87381256
2011-03-11,0.04,1.389013469,26.38792347,28.87381256
2011-03-12,0.01,1.535589927,27.41972883,28.87381256
2011-03-13,0.3,1.71047764,27.63964002,28.87381256
2011-03-14,0.12,1.644304724,27.39603578,28.87381256
2011-03-15,0.57,1.736822371,27.67571188,28.87381256
2011-03-16,0.25,1.658984727,27.43614698,28.87381256
2011-03-17,1.52,1.48633019,28.47319232,28.87381256
2011-03-18,8.67,1.419981386,28.29620548,28.87381256
2011-03-19,3.87,1.310955834,27.68532729,28.87381256
2011-03-20,14.2,1.561431159,27.5892862,28.87381256
2011-03-21,54.6,1.369209584,27.56369282,28.87381256
2011-03-22,0.69,1.177910886,27.12136191,28.87381256
2011-03-23,5.19,1.211884634,27.18983027,28.87381256
2011-03-24,1.58,1.523169369,28.29263524,28.87381256
2011-03-25,22.89,1.76468434,28.91695113,28.87381256
2011-03-26,1.92,1.43719871,28.44750923,28.87381256
2011-03-27,0.13,1.985939661,29.51694128,28.87381256
2011-03-28,4.36,1.927097643,28.71354315,28.87381256
2011-03-29,0.11,1.747308337,29.16947418,28.87381256
2011-03-30,0.01,1.686297711,30.12523349,28.87381256
2011-03-31,29.71,1.689519744,29.84651908,28.87381256
2011-04-01,1.88,1.645295459,29.78613421,28.87381256
2011-04-02,9.83,1.807219705,29.5346005,28.87381256
2011-04-03,0.41,1.329846634,29.13167833,28.87381256
2011-04-04,17.12,1.287277131,29.53864998,28.87381256
2011-04-05,9.44,1.666356297,27.95107402,28.87381256
2011-04-06,17.9,0.997958304,27.38960153,28.87381256
2011-04-07,5.52,1.575301067,27.29548204,28.87381256
2011-04-08,10.09,1.258647216,27.76318934,28.87381256
2011-04-09,4.03,1.592465058,27.3402132,28.87381256
2011-04-10,30.65,1.365510712,26.77084702,28.87381256
2011-04-11,5.24,1.187725312,27.22447192,28.87381256
2011-04-12,10.02,1.445470195,27.83276172,28.87381256
2011-04-13,6.27,1.382711203,27.46038966,28.87381256
2011-04-14,8.42,1.69014869,27.91296749,28.87381256
2011-04-15,26.28,1.329419378,27.73504075,28.87381256
2011-04-16,7.98,1.310193501,27.04819309,28.87381256
2011-04-17,13.32,1.417356957,27.62574657,28.87381256
2011-04-18,12.28,1.368005955,27.91347984,28.87381256
2011-04-19,19.62,1.18646598,26.69602448,28.87381256
2011-04-20,21.19,1.627335895,26.50201699,28.87381256
2011-04-21,1.86,1.571154789,27.06295399,28.87381256
2011-04-22,17.34,1.476564938,26.69128902,28.87381256
2011-04-23,4.95,1.441386167,27.89074671,28.87381256
2011-04-24,0.21,1.480729479,27.77133151,28.87381256
2011-04-25,23.83,1.813934705,28.25308918,28.87381256
2011-04-26,6.08,1.372278587,29.04915497,28.87381256
2011-04-27,6.5,1.629619147,28.38237158,28.87381256
2011-04-28,7.21,1.608872815,27.64765163,28.87381256
2011-04-29,0.29,1.301487248,28.16440891,28.87381256
2011-04-30,2.63,1.937563918,28.49159819,28.87381256
2011-05-01,19.2,1.393271567,28.30299298,28.87381256
2011-05-02,7.29,1.392814845,29.17725497,28.87381256
2011-05-03,24.88,1.812659929,29.19435893,28.87381256
2011-05-04,0.48,1.518764283,28.98321392,28.87381256
2011-05-05,0.54,1.402106076,28.35688042,28.87381256
2011-05-06,0.48,1.332580111,28.71093075,28.87381256
2011-05-07,0.96,1.49695141,28.40181291,28.87381256
2011-05-08,0.06,1.36907342,29.136372,28.87381256
2011-05-09,0.07,1.450828058,29.13880912,28.87381256
2011-05-10,0.07,1.442950148,29.91076446,28.87381256
2011-05-11,21.8,1.167001892,28.85759099,28.87381256
2011-05-12,3.52,1.501601247,28.77178996,28.87381256
2011-05-13,6.71,0.745633975,27.52397023,28.87381256
2011-05-14,18.79,0.690709379,27.22208934,28.87381256
2011-05-15,0.73,1.426896651,27.5497237,28.87381256
2011-05-16,1.78,1.676774855,28.01113259,28.87381256
2011-05-17,3.5,1.296720893,27.75072501,28.87381256
2011-05-18,0.13,1.769830674,27.38792409,28.87381256
2011-05-19,1.18,1.701925812,27.51345577,28.87381256
2011-05-20,0.07,1.560386636,27.85244337,28.87381256
2011-05-21,0.59,1.715902871,28.05343907,28.87381256
2011-05-22,19.87,1.403503425,27.77538306,28.87381256
2011-05-23,7.27,1.389410283,27.82723611,28.87381256
2011-05-24,2.39,1.495725762,28.01740989,28.87381256
2011-05-25,18.59,1.556121507,28.50640702,28.87381256
2011-05-26,4.71,1.599010659,28.24855648,28.87381256
2011-05-27,0.07,1.810108048,28.40255731,28.87381256
2011-05-28,1.15,1.161189121,28.59029789,28.87381256
2011-05-29,1.8,1.281711481,28.8758699,28.87381256
2011-05-30,0.53,1.458358733,28.79452573,28.87381256
2011-05-31,0.66,1.533517275,29.4317703,28.87381256
2011-06-01,0.71,1.367266095,28.40524568,28.87381256
2011-06-02,8.84,1.143499124,27.22527513,28.87381256
2011-06-03,19.67,0.818171352,27.08188091,28.87381256
2011-06-04,8.82,1.178401359,27.30602237,28.87381256
2011-06-05,0.51,1.745303991,28.8091598,28.87381256
2011-06-06,3.03,1.495821267,28.65129031,28.87381256
2011-06-07,12.43,1.379190156,28.07459861,28.87381256
2011-06-08,0.57,1.328158655,28.54677635,28.87381256
2011-06-09,0.49,1.124565246,29.91292259,28.87381256
2011-06-10,0.04,1.472143007,30.43804357,28.87381256
2011-06-11,0.05,1.783768433,29.65297197,28.87381256
2011-06-12,0.19,1.254546798,29.17166847,28.87381256
2011-06-13,0.17,1.517247129,29.77966439,28.87381256
2011-06-14,0.47,1.599229655,30.35294076,28.87381256
2011-06-15,0.01,1.16647212,27.90670211,28.87381256
2011-06-16,0.06,1.047416899,29.28149772,28.87381256
2011-06-17,2.41,1.308102547,28.39189204,28.87381256
2011-06-18,5.68,1.238977221,28.21977682,28.87381256
2011-06-19,2.2,1.514868385,28.41346554,28.87381256
2011-06-20,20.38,1.541798573,28.20215122,28.87381256
2011-06-21,8.15,1.550112673,29.18005028,28.87381256
2011-06-22,0.28,1.746567556,29.17722524,28.87381256
2011-06-23,6.29,1.523303194,29.24357052,28.87381256
2011-06-24,0.32,1.428645032,27.68994546,28.87381256
2011-06-25,25.11,1.447468952,28.78702346,28.87381256
2011-06-26,2.14,1.409424267,26.57580652,28.87381256
2011-06-27,1.24,1.653719498,27.57151094,28.87381256
2011-06-28,0.05,1.165033574,27.61127622,28.87381256
2011-06-29,1.42,1.67448786,30.33284905,28.87381256
2011-06-30,2.77,1.217772685,28.32094242,28.87381256
2011-07-01,0.98,1.370040744,27.95247009,28.87381256
2011-07-02,2.38,1.936125374,28.6055097,28.87381256
2011-07-03,11.96,1.309640797,28.08773047,28.87381256
2011-07-04,0.5,1.573195657,29.45503237,28.87381256
2011-07-05,0,1.40289364,28.82263342,28.87381256
2011-07-06,3.71,1.468720246,28.15295571,28.87381256
2011-07-07,0.17,1.424940522,26.85449568,28.87381256
2011-07-08,0,2.009316973,28.44432396,28.87381256
2011-07-09,0,1.660701231,29.57651843,28.87381256
2011-07-10,0.09,1.504032841,29.55688249,28.87381256
2011-07-11,2.55,1.61602395,28.1539917,28.87381256
2011-07-12,6.01,1.136053156,28.18893233,28.87381256
2011-07-13,9.43,1.350834956,27.33042822,28.87381256
2011-07-14,2,1.255318032,27.01750014,28.87381256
2011-07-15,29.91,1.266345463,27.03044321,28.87381256
2011-07-16,1.36,1.449239754,26.78005242,28.87381256
2011-07-17,3.89,1.889688477,27.9407235,28.87381256
2011-07-18,8.37,1.420222369,28.54431298,28.87381256
2011-07-19,1.1,1.454276128,29.32052224,28.87381256
2011-07-20,0.63,1.898271196,29.57157306,28.87381256
2011-07-21,2.6,1.799536457,29.41932599,28.87381256
2011-07-22,0,1.444469662,28.6462838,28.87381256
2011-07-23,0,1.613899814,28.53190801,28.87381256
2011-07-24,0,1.449781667,28.23639754,28.87381256
2011-07-25,0.03,1.173090719,28.02701198,28.87381256
2011-07-26,0.03,1.659190608,28.81832144,28.87381256
2011-07-27,0.02,1.426045404,29.03184224,28.87381256
2011-07-28,4.76,1.639911828,28.06404395,28.87381256
2011-07-29,11.58,1.09724569,26.79737357,28.87381256
2011-07-30,10.51,0.782452061,27.63468573,28.87381256
2011-07-31,2.37,1.68282345,28.64575174,28.87381256
2011-08-01,1,1.708368463,27.75652002,28.87381256
2011-08-02,2.06,1.471126105,29.00006363,28.87381256
2011-08-03,7.19,1.618603905,29.11851114,28.87381256
2011-08-04,0.12,1.321600425,29.17757401,28.87381256
2011-08-05,0.01,1.89249073,28.81758724,28.87381256
2011-08-06,0,1.509406609,28.78350266,28.87381256
2011-08-07,0,2.045023184,29.58176276,28.87381256
2011-08-08,0,1.934782734,30.22935122,28.87381256
2011-08-09,0,1.872371001,29.88053444,28.87381256
2011-08-10,0.01,1.818254128,29.33861441,28.87381256
2011-08-11,0.4,1.478242139,29.50560713,28.87381256
2011-08-12,7.22,1.802211437,29.91241354,28.87381256
2011-08-13,0,1.541189296,29.30856932,28.87381256
2011-08-14,0.75,1.454268635,28.15302637,28.87381256
2011-08-15,4.13,1.288135859,27.69079766,28.87381256
2011-08-16,1.21,1.634757539,27.7884897,28.87381256
2011-08-17,0.86,1.462471319,27.31074796,28.87381256
2011-08-18,1.14,1.434331875,28.55185605,28.87381256
2011-08-19,12.18,1.549734069,28.84509888,28.87381256
2011-08-20,7.04,1.54656682,28.41162795,28.87381256
2011-08-21,0.31,1.734334627,27.66347662,28.87381256
2011-08-22,1.05,1.710153777,28.16609696,28.87381256
2011-08-23,11.25,1.519949688,28.53476739,28.87381256
2011-08-24,4.79,1.330757797,27.64882819,28.87381256
2011-08-25,0.12,1.68581383,28.37690143,28.87381256
2011-08-26,0.12,1.388854336,28.23714389,28.87381256
2011-08-27,0.01,1.275811219,28.6751473,28.87381256
2011-08-28,0.86,1.843161278,28.87019127,28.87381256
2011-08-29,6.51,1.664873763,29.65326343,28.87381256
2011-08-30,0,1.645856553,29.90319021,28.87381256
2011-08-31,0.02,2.009577186,30.83825182,28.87381256
2011-09-01,0,1.678325763,28.95303998,28.87381256
2011-09-02,0,1.545018268,28.45681968,28.87381256
2011-09-03,0.23,1.77689759,28.8748382,28.87381256
2011-09-04,0.09,1.707050147,29.02428807,28.87381256
2011-09-05,0,1.610700714,28.92168941,28.87381256
2011-09-06,0.04,1.695159336,30.53785451,28.87381256
2011-09-07,0.49,1.719977548,29.04598228,28.87381256
2011-09-08,9.97,1.620506701,28.81987441,28.87381256
2011-09-09,0.9,1.345114404,27.03395265,28.87381256
2011-09-10,5.59,1.843803804,28.25420187,28.87381256
2011-09-11,20.17,1.759421953,28.38086583,28.87381256
2011-09-12,0.05,1.632349349,28.52526648,28.87381256
2011-09-13,0.01,1.615707134,29.4242141,28.87381256
2011-09-14,9.24,2.168172748,30.31220978,28.87381256
2011-09-15,1.73,2.03428778,30.11449152,28.87381256
2011-09-16,0.15,1.808099021,28.44786121,28.87381256
2011-09-17,4.1,1.624501369,28.00498135,28.87381256
2011-09-18,4.22,1.032727108,28.54412192,28.87381256
2011-09-19,7.27,1.625648359,27.54199718,28.87381256
2011-09-20,0.06,1.78711728,28.27377814,28.87381256
2011-09-21,0.17,1.797142265,29.80882158,28.87381256
2011-09-22,4.46,1.679575672,29.75815306,28.87381256
2011-09-23,2.36,1.770093213,28.9470771,28.87381256
2011-09-24,4.7,1.55934211,29.14965895,28.87381256
2011-09-25,9.98,1.611435452,28.70091931,28.87381256
2011-09-26,0.04,1.302430701,27.40675313,28.87381256
2011-09-27,0,1.446003693,29.30920826,28.87381256
2011-09-28,0.83,1.962039138,29.62537236,28.87381256
2011-09-29,6.94,1.622017322,29.70863104,28.87381256
2011-09-30,3.74,1.649388372,28.96524054,28.87381256
2011-10-01,6.55,1.734749238,29.83056,28.87381256
2011-10-02,2.68,1.541368507,28.60645181,28.87381256
2011-10-03,9.47,1.05718312,28.58173593,28.87381256
2011-10-04,8.3,1.588222832,28.55599755,28.87381256
2011-10-05,5.37,1.243574137,28.52920927,28.87381256
2011-10-06,3.13,1.764196697,29.04698323,28.87381256
2011-10-07,4.08,1.606952682,29.30237213,28.87381256
2011-10-08,9.74,1.481096353,28.88323934,28.87381256
2011-10-09,0.38,1.042283177,29.7196523,28.87381256
2011-10-10,12.77,1.484041336,28.29574373,28.87381256
2011-10-11,0.62,1.577228664,28.05343842,28.87381256
2011-10-12,2.42,1.540332871,28.32803542,28.87381256
2011-10-13,13.37,1.434909818,27.91216707,28.87381256
2011-10-14,3.58,1.560165269,28.23609341,28.87381256
2011-10-15,3.66,0.691907873,26.85546048,28.87381256
2011-10-16,32.61,1.309210718,27.02455257,28.87381256
2011-10-17,7.82,0.929211529,26.63154133,28.87381256
2011-10-18,18.9,1.060515573,25.90482448,28.87381256
2011-10-19,0.09,1.557853956,27.09224431,28.87381256
2011-10-20,0.61,1.490157332,26.33484678,28.87381256
2011-10-21,0.46,1.094065325,26.69603316,28.87381256
2011-10-22,0.13,1.347947995,26.95989399,28.87381256
2011-10-23,0.05,1.510251774,28.42584927,28.87381256
2011-10-24,2.57,1.464640865,27.56075778,28.87381256
2011-10-25,4.06,1.318935777,28.1963282,28.87381256
2011-10-26,6.82,1.549636748,28.61107162,28.87381256
2011-10-27,0.01,1.664983231,28.65626579,28.87381256
2011-10-28,15.03,1.597243104,29.56155993,28.87381256
2011-10-29,0.25,1.476301456,28.42913004,28.87381256
2011-10-30,7.55,1.532345452,28.09405346,28.87381256
2011-10-31,0,1.355222228,27.58492845,28.87381256
2011-11-01,0.01,1.548428873,29.6993244,28.87381256
2011-11-02,0.08,1.404121597,29.54242936,28.87381256
2011-11-03,20.32,1.439432831,29.36614675,28.87381256
2011-11-04,0.23,1.075857287,28.97100736,28.87381256
2011-11-05,3.87,1.269787869,28.88626071,28.87381256
2011-11-06,14.48,1.474386494,29.06665352,28.87381256
2011-11-07,4.75,1.458333956,29.31958721,28.87381256
2011-11-08,37.23,1.188983231,27.91981125,28.87381256
2011-11-09,20.71,0.911387228,28.06793406,28.87381256
2011-11-10,9.7,1.483324378,28.93995615,28.87381256
2011-11-11,13.5,1.478985773,28.62329462,28.87381256
2011-11-12,15.12,1.23670799,27.54998349,28.87381256
2011-11-13,13.4,0.905090596,27.09231777,28.87381256
2011-11-14,9.48,0.921929805,28.08653246,28.87381256
2011-11-15,5.82,1.176582762,28.94011785,28.87381256
2011-11-16,9.91,0.808660178,28.92584111,28.87381256
2011-11-17,15.15,0.420873377,27.97982741,28.87381256
2011-11-18,13.38,0.840174231,28.02938243,28.87381256
2011-11-19,4.82,1.465030219,27.54277311,28.87381256
2011-11-20,7.34,1.662757089,27.71049628,28.87381256
2011-11-21,4.62,1.258636007,27.46897425,28.87381256
2011-11-22,10.1,1.403036849,27.76043658,28.87381256
2011-11-23,8.1,1.099810677,27.60670634,28.87381256
2011-11-24,23.07,1.286948596,27.68199966,28.87381256
2011-11-25,1.56,1.448264974,28.27282288,28.87381256
2011-11-26,5.67,1.014442773,28.71652717,28.87381256
2011-11-27,8.19,1.295275313,28.56033906,28.87381256
2011-11-28,1.71,0.928481019,29.00734346,28.87381256
2011-11-29,5.65,0.571323302,27.72553581,28.87381256
2011-11-30,0.48,0.53761632,27.54362436,28.87381256
2011-12-01,7.95,1.513276323,28.42092932,28.87381256
2011-12-02,4.23,1.367077959,28.76376819,28.87381256
2011-12-03,16.89,1.434249043,27.2468012,28.87381256
2011-12-04,3.3,1.043990862,28.06509515,28.87381256
2011-12-05,12.69,1.172966234,27.3829976,28.87381256
2011-12-06,23.28,0.319486154,27.36178878,28.87381256
2011-12-07,29.92,0.854590719,27.25858937,28.87381256
2011-12-08,4.38,0.76615992,26.85306013,28.87381256
2011-12-09,1.69,1.042065121,27.96215522,28.87381256
2011-12-10,0.05,1.419752054,28.72558157,28.87381256
2011-12-11,0.23,1.330896315,28.8461425,28.87381256
2011-12-12,10.22,1.392980971,27.88490448,28.87381256
2011-12-13,0.19,0.827319362,27.59694579,28.87381256
2011-12-14,11.44,1.388559024,28.33293512,28.87381256
2011-12-15,14.01,0.351094724,27.9217181,28.87381256
2011-12-16,14.43,0.827952074,27.60904481,28.87381256
2011-12-17,3.62,1.517405297,27.87906147,28.87381256
2011-12-18,5.45,1.150492556,27.82560241,28.87381256
2011-12-19,11.25,1.26234939,27.82860634,28.87381256
2011-12-20,4.45,1.189871914,28.29531942,28.87381256
2011-12-21,0.01,1.48341424,28.81772806,28.87381256
2011-12-22,0.02,1.414111041,29.78898618,28.87381256
2011-12-23,0,1.630254194,31.14736296,28.87381256
2011-12-24,0.12,1.418872277,29.78052855,28.87381256
2011-12-25,0.32,1.540486862,28.91998632,28.87381256
2011-12-26,0.02,1.442053495,29.93396986,28.87381256
2011-12-27,0,1.360596015,29.11068479,28.87381256
2011-12-28,0.02,1.25664381,28.94134963,28.87381256
2011-12-29,1.17,1.21259549,28.32739318,28.87381256
2011-12-30,5.6,1.200991992,29.10989436,28.87381256
2011-12-31,0.37,1.429814976,29.9841051,28.87381256
