560.633,630.712,700.792,770.871,840.950,913.279,985.609,1057.938,1130.267,1200.346,1270.426,1340.505,1410.584,1480.663,1550.743,1620.822,1690.901,1620.822,1550.743,1480.663,1410.584,1340.505,1270.426,1200.346,1130.267,1057.938,985.609,913.279,840.950,770.870,700.790,630.710,560.630,560.630,560.630,560.630,560.630,0.000,0.000,0.000,0.000,0.000,0.000,0.000,0.000,0.000,0.000,0.000,0.000,0.000,0.000,0.000,0.000,0.000,0.000,0.000,0.000,0.000,0.000,0.000,0.000,0.000,0.000,0.000,0.000,0.000,0.000,0.000,0.000,0.000,0.000,0.000,0.000,0.000,0.000,0.000,0.000,0.000,0.000,0.000,0.000,0.000,0.000,0.000,0.000,0.000,0.000,0.000,0.000,0.000,0.000,0.000,0.000,0.000,0.000,0.000,0.000,0.000,0.000,0.000,0.000,0.000,0.000,0.000,0.000,0.000,0.000,0.000,0.000,0.000,0.000,0.000,0.000,0.000,0.000,0.000,0.000,0.000,0.000,0.000,0.000,0.000,0.000,0.000,0.000,0.000,0.000,0.000,0.000,0.000,0.000,0.000,0.000,0.000,0.000,0.000,0.000,0.000,0.000,0.000,0.000,0.000,0.000,0.000,0.000,0.000,0.000,0.000,0.000,0.000,0.000,0.000,0.000,0.000,0.000,0.000,0.000,0.000,0.000,0.000,0.000,0.000,0.000,0.000,0.000,0.000,0.000,0.000,0.000,0.000,0.000,0.000,0.000,0.000,0.000,0.000,0.000,0.000,0.000,0.000,0.000,0.000,0.000,0.000,0.000,0.000,0.000,0.000,0.000,0.000,0.000,0.000,0.000,0.000,0.000,0.000,0.000,0.000,0.000,0.000,0.000,0.000,0.000,0.000,0.000,0.000,0.000,0.000,0.000,0.000,0.000,0.000,0.000,0.000,0.000,0.000,0.000,0.000,0.000,0.000,0.000,0.000,0.000,0.000,0.000,0.000,0.000,0.000,0.000,0.000,0.000,0.000,0.000,0.000,0.000,0.000,0.000,0.000,0.000,0.000,0.000,0.000,0.000,0.000,0.000,0.000,0.000,0.000,0.000,0.000,0.000,0.000,0.000,0.000,0.000,0.000,0.000,0.000,0.000,0.000,0.000,0.000,0.000,0.000,0.000,0.000,0.000,0.000,0.000,0.000,0.000,0.000,0.000,0.000,0.000,0.000,0.000,0.000,0.000,0.000,0.000,0.000,0.000,0.000,0.000,0.000,0.000,0.000,0.000,0.000,0.000,0.000,0.000,0.000,0.000,0.000,0.000,0.000,0.000,0.000,0.000,0.000,0.000,0.000,0.000,0.000,0.000,0.000,0.000,0.000,0.000,0.000,0.000,0.000,0.000,0.000,0.000,0.000,0.000,0.000,0.000,0.000,0.000,0.000,0.000,0.000,0.000,0.000,0.000,0.000,0.000,0.000,0.000,0.000,0.000,0.000,0.000,0.000,0.000,0.000,0.000,0.000,0.000,0.000,0.000,0.000,0.000,0.000,0.000,0.000,0.000,0.000,0.000,0.000,0.000,0.000,0.000,0.000,0.000,0.000,0.000,0.000,0.000,0.000,0.000,0.000,0.000,0.000,0.000,0.000,0.000,0.000,0.000,0.000,0.000,0.000,0.000,0.000,0.000,0.000,0.000,0.000,0.000,0.000,0.000,0.000,0.000,0.000,0.000,0.000,0.000,0.000,0.000,0.000,0.000,0.000,0.000,0.000,0.000,0.000,0.000,0.000,0.000,0.000,0.000,0.000,0.000,0.000,0.000,0.000,0.000,0.000,0.000,0.000,0.000,0.000,0.000,0.000,0.000,0.000,0.000,0.000,0.000,0.000,0.000,0.000,0.000,0.000,0.000,0.000,0.000,0.000,0.000,0.000,0.000,0.000,0.000,0.000,0.000,0.000,0.000,0.000,0.000,0.000,0.000,0.000,0.000,0.000,0.000,0.000,0.000,0.000,0.000,0.000,0.000,0.000,0.000,0.000,0.000,0.000,0.000,0.000,0.000,0.000,0.000,0.000,0.000,0.000,0.000,0.000,0.000,0.000,0.000,0.000,0.000,0.000,0.000,0.000,0.000,0.000
50.000,434.753,622.761,729.901,811.285,886.772,960.542,1033.787,1106.841,1178.080,1248.831,1319.433,1389.972,1460.472,1530.942,1601.386,1671.808,1631.697,1568.195,1499.789,1430.360,1360.731,1291.081,1221.451,1151.854,1080.597,1008.997,937.365,865.780,795.920,726.565,657.428,588.462,568.766,563.020,561.333,560.837,199.087,90.464,48.226,28.689,18.470,12.617,9.023,6.692,5.112,4.002,3.197,2.599,2.145,1.794,1.517,1.296,1.117,0.970,0.849,0.748,0.663,0.590,0.528,0.475,0.429,0.389,0.354,0.323,0.296,0.272,0.250,0.231,0.214,0.198,0.185,0.172,0.160,0.150,0.140,0.132,0.124,0.117,0.110,0.104,0.098,0.093,0.088,0.083,0.079,0.075,0.071,0.068,0.065,0.062,0.059,0.056,0.054,0.052,0.049,0.047,0.045,0.044,0.042,0.040,0.039,0.037,0.036,0.035,0.033,0.032,0.031,0.030,0.029,0.028,0.027,0.026,0.025,0.024,0.024,0.023,0.022,0.022,0.021,0.020,0.020,0.019,0.019,0.018,0.017,0.017,0.017,0.016,0.016,0.015,0.015,0.014,0.014,0.014,0.013,0.013,0.013,0.012,0.012,0.012,0.012,0.011,0.011,0.011,0.010,0.010,0.010,0.010,0.010,0.009,0.009,0.009,0.009,0.009,0.008,0.008,0.008,0.008,0.008,0.008,0.007,0.007,0.007,0.007,0.007,0.007,0.007,0.006,0.006,0.006,0.006,0.006,0.006,0.006,0.006,0.006,0.005,0.005,0.005,0.005,0.005,0.005,0.005,0.005,0.005,0.005,0.005,0.005,0.004,0.004,0.004,0.004,0.004,0.004,0.004,0.004,0.004,0.004,0.004,0.004,0.004,0.004,0.004,0.004,0.003,0.003,0.003,0.003,0.003,0.003,0.003,0.003,0.003,0.003,0.003,0.003,0.003,0.003,0.003,0.003,0.003,0.003,0.003,0.003,0.003,0.003,0.003,0.003,0.002,0.002,0.002,0.002,0.002,0.002,0.002,0.002,0.002,0.002,0.002,0.002,0.002,0.002,0.002,0.002,0.002,0.002,0.002,0.002,0.002,0.002,0.002,0.002,0.002,0.002,0.002,0.002,0.002,0.002,0.002,0.002,0.002,0.002,0.002,0.002,0.002,0.002,0.002,0.002,0.002,0.002,0.002,0.001,0.001,0.001,0.001,0.001,0.001,0.001,0.001,0.001,0.001,0.001,0.001,0.001,0.001,0.001,0.001,0.001,0.001,0.001,0.001,0.001,0.001,0.001,0.001,0.001,0.001,0.001,0.001,0.001,0.001,0.001,0.001,0.001,0.001,0.001,0.001,0.001,0.001,0.001,0.001,0.001,0.001,0.001,0.001,0.001,0.001,0.001,0.001,0.001,0.001,0.001,0.001,0.001,0.001,0.001,0.001,0.001,0.001,0.001,0.001,0.001,0.001,0.001,0.001,0.001,0.001,0.001,0.001,0.001,0.001,0.001,0.001,0.001,0.001,0.001,0.001,0.001,0.001,0.001,0.001,0.001,0.001,0.001,0.001,0.001,0.001,0.001,0.001,0.001,0.001,0.001,0.001,0.001,0.001,0.001,0.001,0.001,0.001,0.001,0.001,0.001,0.001,0.001,0.001,0.001,0.001,0.001,0.001,0.001,0.001,0.001,0.001,0.001,0.001,0.001,0.001,0.001,0.001,0.001,0.001,0.001,0.001,0.001,0.001,0.001,0.001,0.001,0.001,0.001,0.000,0.000,0.000,0.000,0.000,0.000,0.000,0.000,0.000,0.000,0.000,0.000,0.000,0.000,0.000,0.000,0.000,0.000,0.000,0.000,0.000,0.000,0.000,0.000,0.000,0.000,0.000,0.000,0.000,0.000,0.000,0.000,0.000,0.000,0.000,0.000,0.000,0.000,0.000,0.000,0.000,0.000,0.000,0.000,0.000,0.000,0.000,0.000,0.000,0.000,0.000,0.000,0.000,0.000,0.000,0.000,0.000,0.000,0.000,0.000,0.000,0.000,0.000,0.000,0.000,0.000,0.000,0.000,0.000,0.000,0.000,0.000,0.000,0.000,0.000,0.000,0.000,0.000,0.000
50.000,292.993,520.054,670.009,772.892,856.838,934.006,1008.855,1082.886,1155.271,1226.830,1298.037,1369.082,1440.034,1510.918,1581.746,1652.527,1636.143,1582.812,1517.866,1449.681,1380.665,1311.475,1242.285,1173.147,1102.794,1031.941,960.991,890.105,820.562,751.787,683.446,615.436,582.293,568.659,563.485,561.616,317.845,177.905,105.517,66.619,44.432,31.025,22.503,16.846,12.950,10.180,8.158,6.646,5.492,4.596,3.889,3.323,2.865,2.489,2.178,1.918,1.699,1.513,1.355,1.218,1.100,0.997,0.907,0.827,0.758,0.696,0.641,0.591,0.547,0.507,0.472,0.439,0.410,0.383,0.359,0.337,0.316,0.297,0.280,0.264,0.250,0.236,0.224,0.212,0.201,0.191,0.182,0.173,0.165,0.157,0.150,0.144,0.137,0.131,0.126,0.121,0.116,0.111,0.107,0.102,0.098,0.095,0.091,0.088,0.085,0.082,0.079,0.076,0.073,0.071,0.068,0.066,0.064,0.062,0.060,0.058,0.056,0.055,0.053,0.051,0.050,0.048,0.047,0.046,0.044,0.043,0.042,0.041,0.040,0.039,0.038,0.037,0.036,0.035,0.034,0.033,0.032,0.031,0.031,0.030,0.029,0.029,0.028,0.027,0.027,0.026,0.025,0.025,0.024,0.024,0.023,0.023,0.022,0.022,0.021,0.021,0.020,0.020,0.020,0.019,0.019,0.018,0.018,0.018,0.017,0.017,0.017,0.016,0.016,0.016,0.015,0.015,0.015,0.015,0.014,0.014,0.014,0.014,0.013,0.013,0.013,0.013,0.012,0.012,0.012,0.012,0.012,0.011,0.011,0.011,0.011,0.011,0.011,0.010,0.010,0.010,0.010,0.010,0.010,0.009,0.009,0.009,0.009,0.009,0.009,0.009,0.009,0.008,0.008,0.008,0.008,0.008,0.008,0.008,0.008,0.007,0.007,0.007,0.007,0.007,0.007,0.007,0.007,0.007,0.007,0.007,0.006,0.006,0.006,0.006,0.006,0.006,0.006,0.006,0.006,0.006,0.006,0.006,0.006,0.005,0.005,0.005,0.005,0.005,0.005,0.005,0.005,0.005,0.005,0.005,0.005,0.005,0.005,0.005,0.005,0.005,0.004,0.004,0.004,0.004,0.004,0.004,0.004,0.004,0.004,0.004,0.004,0.004,0.004,0.004,0.004,0.004,0.004,0.004,0.004,0.004,0.004,0.004,0.004,0.003,0.003,0.003,0.003,0.003,0.003,0.003,0.003,0.003,0.003,0.003,0.003,0.003,0.003,0.003,0.003,0.003,0.003,0.003,0.003,0.003,0.003,0.003,0.003,0.003,0.003,0.003,0.003,0.003,0.003,0.003,0.003,0.003,0.003,0.003,0.002,0.002,0.002,0.002,0.002,0.002,0.002,0.002,0.002,0.002,0.002,0.002,0.002,0.002,0.002,0.002,0.002,0.002,0.002,0.002,0.002,0.002,0.002,0.002,0.002,0.002,0.002,0.002,0.002,0.002,0.002,0.002,0.002,0.002,0.002,0.002,0.002,0.002,0.002,0.002,0.002,0.002,0.002,0.002,0.002,0.002,0.002,0.002,0.002,0.002,0.002,0.002,0.002,0.002,0.002,0.002,0.002,0.002,0.002,0.002,0.002,0.002,0.001,0.001,0.001,0.001,0.001,0.001,0.001,0.001,0.001,0.001,0.001,0.001,0.001,0.001,0.001,0.001,0.001,0.001,0.001,0.001,0.001,0.001,0.001,0.001,0.001,0.001,0.001,0.001,0.001,0.001,0.001,0.001,0.001,0.001,0.001,0.001,0.001,0.001,0.001,0.001,0.001,0.001,0.001,0.001,0.001,0.001,0.001,0.001,0.001,0.001,0.001,0.001,0.001,0.001,0.001,0.001,0.001,0.001,0.001,0.001,0.001,0.001,0.001,0.001,0.001,0.001,0.001,0.001,0.001,0.001,0.001,0.001,0.001,0.001,0.001,0.001,0.001,0.001,0.001,0.001,0.001,0.001,0.001,0.001,0.001,0.001,0.001,0.001,0.001,0.001,0.001,0.001,0.001,0.001,0.001,0.001,0.001,0.001,0.001,0.001,0.001,0.001,0.001
50.000,195.508,411.982,593.291,722.925,821.124,904.822,982.642,1058.200,1131.862,1204.367,1276.278,1347.891,1419.332,1490.657,1561.891,1633.049,1635.481,1594.126,1534.422,1468.321,1400.227,1331.586,1262.849,1194.156,1124.580,1054.459,984.178,913.956,844.793,776.515,708.845,641.658,599.338,577.586,567.615,563.378,395.129,254.588,164.626,109.702,75.753,54.129,39.884,30.188,23.389,18.492,14.881,12.161,10.073,8.445,7.156,6.121,5.281,4.591,4.019,3.541,3.138,2.795,2.502,2.250,2.032,1.842,1.675,1.529,1.400,1.285,1.183,1.092,1.011,0.937,0.871,0.811,0.757,0.707,0.662,0.621,0.584,0.549,0.517,0.488,0.461,0.436,0.413,0.391,0.371,0.353,0.336,0.320,0.304,0.290,0.277,0.265,0.253,0.242,0.232,0.222,0.213,0.204,0.196,0.189,0.181,0.175,0.168,0.162,0.156,0.150,0.145,0.140,0.135,0.131,0.126,0.122,0.118,0.114,0.111,0.107,0.104,0.101,0.098,0.095,0.092,0.089,0.087,0.084,0.082,0.079,0.077,0.075,0.073,0.071,0.069,0.067,0.066,0.064,0.062,0.061,0.059,0.058,0.056,0.055,0.054,0.052,0.051,0.050,0.049,0.048,0.047,0.046,0.045,0.044,0.043,0.042,0.041,0.040,0.039,0.038,0.038,0.037,0.036,0.035,0.035,0.034,0.033,0.033,0.032,0.031,0.031,0.030,0.030,0.029,0.028,0.028,0.027,0.027,0.026,0.026,0.026,0.025,0.025,0.024,0.024,0.023,0.023,0.023,0.022,0.022,0.021,0.021,0.021,0.020,0.020,0.020,0.019,0.019,0.019,0.019,0.018,0.018,0.018,0.017,0.017,0.017,0.017,0.016,0.016,0.016,0.016,0.015,0.015,0.015,0.015,0.015,0.014,0.014,0.014,0.014,0.014,0.013,0.013,0.013,0.013,0.013,0.012,0.012,0.012,0.012,0.012,0.012,0.012,0.011,0.011,0.011,0.011,0.011,0.011,0.011,0.010,0.010,0.010,0.010,0.010,0.010,0.010,0.010,0.009,0.009,0.009,0.009,0.009,0.009,0.009,0.009,0.009,0.008,0.008,0.008,0.008,0.008,0.008,0.008,0.008,0.008,0.008,0.008,0.007,0.007,0.007,0.007,0.007,0.007,0.007,0.007,0.007,0.007,0.007,0.007,0.007,0.007,0.006,0.006,0.006,0.006,0.006,0.006,0.006,0.006,0.006,0.006,0.006,0.006,0.006,0.006,0.006,0.006,0.005,0.005,0.005,0.005,0.005,0.005,0.005,0.005,0.005,0.005,0.005,0.005,0.005,0.005,0.005,0.005,0.005,0.005,0.005,0.005,0.005,0.005,0.004,0.004,0.004,0.004,0.004,0.004,0.004,0.004,0.004,0.004,0.004,0.004,0.004,0.004,0.004,0.004,0.004,0.004,0.004,0.004,0.004,0.004,0.004,0.004,0.004,0.004,0.004,0.004,0.004,0.003,0.003,0.003,0.003,0.003,0.003,0.003,0.003,0.003,0.003,0.003,0.003,0.003,0.003,0.003,0.003,0.003,0.003,0.003,0.003,0.003,0.003,0.003,0.003,0.003,0.003,0.003,0.003,0.003,0.003,0.003,0.003,0.003,0.003,0.003,0.003,0.003,0.003,0.003,0.003,0.003,0.003,0.003,0.003,0.003,0.002,0.002,0.002,0.002,0.002,0.002,0.002,0.002,0.002,0.002,0.002,0.002,0.002,0.002,0.002,0.002,0.002,0.002,0.002,0.002,0.002,0.002,0.002,0.002,0.002,0.002,0.002,0.002,0.002,0.002,0.002,0.002,0.002,0.002,0.002,0.002,0.002,0.002,0.002,0.002,0.002,0.002,0.002,0.002,0.002,0.002,0.002,0.002,0.002,0.002,0.002,0.002,0.002,0.002,0.002,0.002,0.002,0.002,0.002,0.002,0.002,0.002,0.002,0.002,0.002,0.002,0.002,0.002,0.002,0.002,0.002,0.002,0.002,0.002,0.002,0.002,0.002,0.002,0.002,0.001,0.001,0.001,0.001,0.001,0.001,0.001,0.001,0.001,0.001
50.000,132.401,311.972,505.395,660.530,777.484,871.484,954.368,1032.431,1107.720,1181.367,1254.109,1326.366,1398.346,1470.146,1541.811,1613.365,1630.744,1601.988,1549.055,1486.019,1419.295,1351.374,1283.138,1214.889,1145.994,1076.572,1006.947,937.360,868.617,800.787,733.694,667.214,618.638,589.450,573.985,566.488,447.783,319.241,221.619,154.974,110.595,80.851,60.543,46.361,36.228,28.826,23.308,19.118,15.882,13.345,11.327,9.703,8.380,7.292,6.389,5.632,4.993,4.450,3.985,3.584,3.237,2.934,2.670,2.437,2.231,2.049,1.886,1.741,1.611,1.494,1.389,1.293,1.207,1.128,1.056,0.990,0.930,0.875,0.825,0.778,0.735,0.695,0.658,0.624,0.592,0.562,0.535,0.509,0.485,0.463,0.442,0.422,0.403,0.386,0.369,0.354,0.339,0.326,0.313,0.301,0.289,0.278,0.268,0.258,0.248,0.239,0.231,0.223,0.215,0.208,0.201,0.194,0.188,0.182,0.176,0.171,0.165,0.160,0.155,0.151,0.146,0.142,0.138,0.134,0.130,0.126,0.123,0.120,0.116,0.113,0.110,0.107,0.105,0.102,0.099,0.097,0.094,0.092,0.090,0.088,0.086,0.084,0.082,0.080,0.078,0.076,0.074,0.073,0.071,0.069,0.068,0.066,0.065,0.064,0.062,0.061,0.060,0.059,0.057,0.056,0.055,0.054,0.053,0.052,0.051,0.050,0.049,0.048,0.047,0.046,0.045,0.044,0.044,0.043,0.042,0.041,0.041,0.040,0.039,0.038,0.038,0.037,0.037,0.036,0.035,0.035,0.034,0.034,0.033,0.032,0.032,0.031,0.031,0.030,0.030,0.029,0.029,0.029,0.028,0.028,0.027,0.027,0.026,0.026,0.026,0.025,0.025,0.025,0.024,0.024,0.023,0.023,0.023,0.023,0.022,0.022,0.022,0.021,0.021,0.021,0.020,0.020,0.020,0.020,0.019,0.019,0.019,0.019,0.018,0.018,0.018,0.018,0.017,0.017,0.017,0.017,0.017,0.016,0.016,0.016,0.016,0.016,0.015,0.015,0.015,0.015,0.015,0.014,0.014,0.014,0.014,0.014,0.014,0.013,0.013,0.013,0.013,0.013,0.013,0.013,0.012,0.012,0.012,0.012,0.012,0.012,0.012,0.012,0.011,0.011,0.011,0.011,0.011,0.011,0.011,0.011,0.010,0.010,0.010,0.010,0.010,0.010,0.010,0.010,0.010,0.010,0.009,0.009,0.009,0.009,0.009,0.009,0.009,0.009,0.009,0.009,0.009,0.008,0.008,0.008,0.008,0.008,0.008,0.008,0.008,0.008,0.008,0.008,0.008,0.008,0.008,0.007,0.007,0.007,0.007,0.007,0.007,0.007,0.007,0.007,0.007,0.007,0.007,0.007,0.007,0.007,0.007,0.006,0.006,0.006,0.006,0.006,0.006,0.006,0.006,0.006,0.006,0.006,0.006,0.006,0.006,0.006,0.006,0.006,0.006,0.006,0.006,0.005,0.005,0.005,0.005,0.005,0.005,0.005,0.005,0.005,0.005,0.005,0.005,0.005,0.005,0.005,0.005,0.005,0.005,0.005,0.005,0.005,0.005,0.005,0.005,0.005,0.004,0.004,0.004,0.004,0.004,0.004,0.004,0.004,0.004,0.004,0.004,0.004,0.004,0.004,0.004,0.004,0.004,0.004,0.004,0.004,0.004,0.004,0.004,0.004,0.004,0.004,0.004,0.004,0.004,0.004,0.004,0.004,0.004,0.004,0.004,0.004,0.003,0.003,0.003,0.003,0.003,0.003,0.003,0.003,0.003,0.003,0.003,0.003,0.003,0.003,0.003,0.003,0.003,0.003,0.003,0.003,0.003,0.003,0.003,0.003,0.003,0.003,0.003,0.003,0.003,0.003,0.003,0.003,0.003,0.003,0.003,0.003,0.003,0.003,0.003,0.003,0.003,0.003,0.003,0.003,0.003,0.003,0.003,0.003,0.003,0.003,0.003,0.003,0.003,0.002,0.002,0.002,0.002,0.002,0.002,0.002,0.002,0.002,0.002,0.002,0.002,0.002,0.002,0.002,0.002,0.002,0.002
50.000,94.242,228.137,413.680,586.986,724.466,832.392,922.999,1005.035,1082.605,1157.713,1231.463,1304.470,1377.052,1449.367,1521.491,1593.465,1622.740,1606.443,1561.460,1502.505,1437.719,1370.770,1303.128,1235.347,1167.067,1098.306,1029.315,960.341,892.043,824.634,758.044,692.176,639.342,603.759,582.628,571.206,485.102,372.762,274.471,200.358,147.456,110.214,83.871,64.993,51.240,41.047,33.362,27.475,22.897,19.287,16.404,14.075,12.173,10.604,9.298,8.203,7.277,6.488,5.813,5.230,4.725,4.284,3.899,3.559,3.259,2.993,2.756,2.544,2.355,2.184,2.030,1.890,1.764,1.649,1.544,1.448,1.360,1.279,1.205,1.137,1.074,1.016,0.962,0.912,0.865,0.822,0.782,0.744,0.709,0.676,0.645,0.616,0.589,0.564,0.540,0.517,0.496,0.476,0.457,0.439,0.422,0.406,0.391,0.376,0.363,0.350,0.337,0.326,0.314,0.304,0.294,0.284,0.275,0.266,0.257,0.249,0.241,0.234,0.227,0.220,0.214,0.207,0.201,0.196,0.190,0.185,0.180,0.175,0.170,0.165,0.161,0.157,0.153,0.149,0.145,0.141,0.138,0.134,0.131,0.128,0.125,0.122,0.119,0.116,0.114,0.111,0.109,0.106,0.104,0.101,0.099,0.097,0.095,0.093,0.091,0.089,0.087,0.085,0.084,0.082,0.080,0.079,0.077,0.076,0.074,0.073,0.071,0.070,0.069,0.067,0.066,0.065,0.064,0.063,0.061,0.060,0.059,0.058,0.057,0.056,0.055,0.054,0.053,0.052,0.051,0.051,0.050,0.049,0.048,0.047,0.047,0.046,0.045,0.044,0.044,0.043,0.042,0.042,0.041,0.040,0.040,0.039,0.039,0.038,0.037,0.037,0.036,0.036,0.035,0.035,0.034,0.034,0.033,0.033,0.032,0.032,0.031,0.031,0.031,0.030,0.030,0.029,0.029,0.029,0.028,0.028,0.027,0.027,0.027,0.026,0.026,0.026,0.025,0.025,0.025,0.024,0.024,0.024,0.024,0.023,0.023,0.023,0.022,0.022,0.022,0.022,0.021,0.021,0.021,0.021,0.020,0.020,0.020,0.020,0.019,0.019,0.019,0.019,0.019,0.018,0.018,0.018,0.018,0.018,0.017,0.017,0.017,0.017,0.017,0.016,0.016,0.016,0.016,0.016,0.016,0.015,0.015,0.015,0.015,0.015,0.015,0.015,0.014,0.014,0.014,0.014,0.014,0.014,0.014,0.013,0.013,0.013,0.013,0.013,0.013,0.013,0.012,0.012,0.012,0.012,0.012,0.012,0.012,0.012,0.012,0.011,0.011,0.011,0.011,0.011,0.011,0.011,0.011,0.011,0.011,0.010,0.010,0.010,0.010,0.010,0.010,0.010,0.010,0.010,0.010,0.010,0.009,0.009,0.009,0.009,0.009,0.009,0.009,0.009,0.009,0.009,0.009,0.009,0.009,0.009,0.008,0.008,0.008,0.008,0.008,0.008,0.008,0.008,0.008,0.008,0.008,0.008,0.008,0.008,0.008,0.007,0.007,0.007,0.007,0.007,0.007,0.007,0.007,0.007,0.007,0.007,0.007,0.007,0.007,0.007,0.007,0.007,0.007,0.007,0.006,0.006,0.006,0.006,0.006,0.006,0.006,0.006,0.006,0.006,0.006,0.006,0.006,0.006,0.006,0.006,0.006,0.006,0.006,0.006,0.006,0.006,0.006,0.005,0.005,0.005,0.005,0.005,0.005,0.005,0.005,0.005,0.005,0.005,0.005,0.005,0.005,0.005,0.005,0.005,0.005,0.005,0.005,0.005,0.005,0.005,0.005,0.005,0.005,0.005,0.005,0.005,0.005,0.004,0.004,0.004,0.004,0.004,0.004,0.004,0.004,0.004,0.004,0.004,0.004,0.004,0.004,0.004,0.004,0.004,0.004,0.004,0.004,0.004,0.004,0.004,0.004,0.004,0.004,0.004,0.004,0.004,0.004,0.004,0.004,0.004,0.004,0.004,0.004,0.004,0.004,0.004,0.004,0.004,0.003,0.003,0.003,0.003,0.003,0.003,0.003,0.003,0.003,0.003,0.003
50.000,72.719,163.818,325.652,505.516,661.688,786.117,887.330,975.278,1056.146,1133.221,1208.244,1282.146,1355.415,1428.298,1500.918,1573.337,1612.104,1607.659,1571.433,1517.527,1455.327,1389.688,1322.786,1255.521,1187.819,1119.681,1051.303,982.920,915.081,848.080,781.940,716.605,660.884,620.009,593.415,577.674,512.765,416.770,322.294,244.434,185.127,141.351,109.288,85.706,68.186,55.004,44.950,37.177,31.087,26.257,22.381,19.238,16.662,14.533,12.756,11.263,9.999,8.921,7.995,7.197,6.504,5.900,5.370,4.904,4.491,4.125,3.799,3.508,3.246,3.011,2.799,2.607,2.432,2.274,2.129,1.997,1.876,1.765,1.663,1.569,1.482,1.401,1.327,1.258,1.194,1.134,1.079,1.027,0.978,0.933,0.890,0.850,0.813,0.778,0.745,0.714,0.684,0.657,0.631,0.606,0.582,0.560,0.539,0.519,0.500,0.482,0.465,0.449,0.434,0.419,0.405,0.391,0.379,0.366,0.355,0.344,0.333,0.323,0.313,0.304,0.295,0.286,0.278,0.270,0.262,0.255,0.248,0.241,0.234,0.228,0.222,0.216,0.211,0.205,0.200,0.195,0.190,0.185,0.181,0.177,0.172,0.168,0.164,0.160,0.157,0.153,0.150,0.146,0.143,0.140,0.137,0.134,0.131,0.128,0.125,0.123,0.120,0.118,0.115,0.113,0.111,0.109,0.106,0.104,0.102,0.100,0.098,0.096,0.095,0.093,0.091,0.089,0.088,0.086,0.085,0.083,0.082,0.080,0.079,0.077,0.076,0.075,0.073,0.072,0.071,0.070,0.069,0.067,0.066,0.065,0.064,0.063,0.062,0.061,0.060,0.059,0.058,0.057,0.057,0.056,0.055,0.054,0.053,0.052,0.052,0.051,0.050,0.049,0.049,0.048,0.047,0.047,0.046,0.045,0.045,0.044,0.043,0.043,0.042,0.042,0.041,0.041,0.040,0.039,0.039,0.038,0.038,0.037,0.037,0.036,0.036,0.035,0.035,0.035,0.034,0.034,0.033,0.033,0.032,0.032,0.032,0.031,0.031,0.031,0.030,0.030,0.029,0.029,0.029,0.028,0.028,0.028,0.027,0.027,0.027,0.027,0.026,0.026,0.026,0.025,0.025,0.025,0.024,0.024,0.024,0.024,0.023,0.023,0.023,0.023,0.022,0.022,0.022,0.022,0.022,0.021,0.021,0.021,0.021,0.020,0.020,0.020,0.020,0.020,0.019,0.019,0.019,0.019,0.019,0.018,0.018,0.018,0.018,0.018,0.018,0.017,0.017,0.017,0.017,0.017,0.017,0.016,0.016,0.016,0.016,0.016,0.016,0.016,0.015,0.015,0.015,0.015,0.015,0.015,0.015,0.014,0.014,0.014,0.014,0.014,0.014,0.014,0.014,0.013,0.013,0.013,0.013,0.013,0.013,0.013,0.013,0.013,0.012,0.012,0.012,0.012,0.012,0.012,0.012,0.012,0.012,0.012,0.011,0.011,0.011,0.011,0.011,0.011,0.011,0.011,0.011,0.011,0.011,0.010,0.010,0.010,0.010,0.010,0.010,0.010,0.010,0.010,0.010,0.010,0.010,0.010,0.009,0.009,0.009,0.009,0.009,0.009,0.009,0.009,0.009,0.009,0.009,0.009,0.009,0.009,0.009,0.008,0.008,0.008,0.008,0.008,0.008,0.008,0.008,0.008,0.008,0.008,0.008,0.008,0.008,0.008,0.008,0.008,0.007,0.007,0.007,0.007,0.007,0.007,0.007,0.007,0.007,0.007,0.007,0.007,0.007,0.007,0.007,0.007,0.007,0.007,0.007,0.007,0.007,0.007,0.006,0.006,0.006,0.006,0.006,0.006,0.006,0.006,0.006,0.006,0.006,0.006,0.006,0.006,0.006,0.006,0.006,0.006,0.006,0.006,0.006,0.006,0.006,0.006,0.006,0.006,0.005,0.005,0.005,0.005,0.005,0.005,0.005,0.005,0.005,0.005,0.005,0.005,0.005,0.005,0.005,0.005,0.005,0.005,0.005,0.005,0.005,0.005,0.005,0.005,0.005,0.005,0.005,0.005,0.005,0.005,0.005,0.005,0.005
50.000,61.299,118.480,247.626,420.809,590.077,731.692,846.120,942.251,1027.819,1107.618,1184.309,1259.319,1333.393,1406.913,1480.072,1552.969,1599.334,1605.869,1578.860,1530.863,1471.939,1408.018,1342.058,1275.393,1208.260,1140.717,1072.930,1005.116,937.744,871.143,805.415,740.550,682.885,637.742,606.121,585.920,534.422,453.031,364.902,286.287,222.662,173.508,136.252,108.130,86.818,70.535,57.966,48.155,40.410,34.230,29.246,25.186,21.849,19.082,16.768,14.819,13.166,11.754,10.541,9.493,8.583,7.788,7.091,6.477,5.934,5.451,5.021,4.637,4.292,3.981,3.701,3.447,3.217,3.008,2.817,2.642,2.482,2.335,2.200,2.075,1.961,1.854,1.756,1.665,1.580,1.501,1.427,1.358,1.294,1.234,1.178,1.125,1.076,1.029,0.986,0.944,0.906,0.869,0.834,0.802,0.771,0.741,0.713,0.687,0.662,0.638,0.616,0.594,0.574,0.554,0.536,0.518,0.501,0.485,0.469,0.455,0.441,0.427,0.414,0.402,0.390,0.378,0.367,0.357,0.347,0.337,0.328,0.319,0.310,0.302,0.294,0.286,0.279,0.272,0.265,0.258,0.252,0.245,0.239,0.234,0.228,0.222,0.217,0.212,0.207,0.203,0.198,0.193,0.189,0.185,0.181,0.177,0.173,0.170,0.166,0.162,0.159,0.156,0.153,0.149,0.146,0.144,0.141,0.138,0.135,0.133,0.130,0.128,0.125,0.123,0.121,0.118,0.116,0.114,0.112,0.110,0.108,0.106,0.104,0.102,0.101,0.099,0.097,0.095,0.094,0.092,0.091,0.089,0.088,0.086,0.085,0.084,0.082,0.081,0.080,0.078,0.077,0.076,0.075,0.074,0.073,0.071,0.070,0.069,0.068,0.067,0.066,0.065,0.064,0.063,0.062,0.062,0.061,0.060,0.059,0.058,0.057,0.057,0.056,0.055,0.054,0.054,0.053,0.052,0.051,0.051,0.050,0.049,0.049,0.048,0.048,0.047,0.046,0.046,0.045,0.045,0.044,0.043,0.043,0.042,0.042,0.041,0.041,0.040,0.040,0.039,0.039,0.038,0.038,0.038,0.037,0.037,0.036,0.036,0.035,0.035,0.035,0.034,0.034,0.033,0.033,0.033,0.032,0.032,0.032,0.031,0.031,0.031,0.030,0.030,0.030,0.029,0.029,0.029,0.028,0.028,0.028,0.028,0.027,0.027,0.027,0.026,0.026,0.026,0.026,0.025,0.025,0.025,0.025,0.024,0.024,0.024,0.024,0.023,0.023,0.023,0.023,0.023,0.022,0.022,0.022,0.022,0.021,0.021,0.021,0.021,0.021,0.021,0.020,0.020,0.020,0.020,0.020,0.019,0.019,0.019,0.019,0.019,0.019,0.018,0.018,0.018,0.018,0.018,0.018,0.017,0.017,0.017,0.017,0.017,0.017,0.017,0.016,0.016,0.016,0.016,0.016,0.016,0.016,0.015,0.015,0.015,0.015,0.015,0.015,0.015,0.015,0.015,0.014,0.014,0.014,0.014,0.014,0.014,0.014,0.014,0.014,0.013,0.013,0.013,0.013,0.013,0.013,0.013,0.013,0.013,0.013,0.012,0.012,0.012,0.012,0.012,0.012,0.012,0.012,0.012,0.012,0.012,0.011,0.011,0.011,0.011,0.011,0.011,0.011,0.011,0.011,0.011,0.011,0.011,0.010,0.010,0.010,0.010,0.010,0.010,0.010,0.010,0.010,0.010,0.010,0.010,0.010,0.010,0.010,0.009,0.009,0.009,0.009,0.009,0.009,0.009,0.009,0.009,0.009,0.009,0.009,0.009,0.009,0.009,0.009,0.008,0.008,0.008,0.008,0.008,0.008,0.008,0.008,0.008,0.008,0.008,0.008,0.008,0.008,0.008,0.008,0.008,0.008,0.008,0.008,0.007,0.007,0.007,0.007,0.007,0.007,0.007,0.007,0.007,0.007,0.007,0.007,0.007,0.007,0.007,0.007,0.007,0.007,0.007,0.007,0.007,0.007,0.007,0.007,0.006,0.006,0.006,0.006,0.006,0.006,0.006,0.006,0.006,0.006,0.006,0.006,0.006,0.006
50.000,55.509,89.023,183.712,338.265,511.945,668.883,798.269,904.933,996.948,1080.518,1159.454,1235.878,1310.924,1385.177,1458.933,1532.344,1584.819,1601.334,1583.706,1542.332,1487.375,1425.639,1360.878,1294.934,1228.391,1161.427,1094.210,1026.949,960.044,893.840,828.496,764.052,705.094,656.574,620.479,595.884,552.473,483.210,402.533,325.391,259.346,206.044,164.265,131.904,106.885,87.469,72.294,60.334,50.818,43.175,36.979,31.910,27.729,24.250,21.335,18.874,16.783,14.994,13.455,12.124,10.966,9.955,9.067,8.284,7.592,6.976,6.427,5.936,5.496,5.099,4.740,4.416,4.121,3.853,3.609,3.385,3.180,2.992,2.819,2.660,2.513,2.377,2.251,2.134,2.025,1.924,1.829,1.741,1.659,1.582,1.510,1.443,1.379,1.320,1.264,1.211,1.161,1.114,1.070,1.028,0.988,0.950,0.915,0.881,0.849,0.818,0.789,0.762,0.736,0.711,0.687,0.664,0.642,0.622,0.602,0.583,0.565,0.547,0.531,0.515,0.500,0.485,0.471,0.457,0.445,0.432,0.420,0.409,0.398,0.387,0.377,0.367,0.357,0.348,0.339,0.331,0.322,0.314,0.307,0.299,0.292,0.285,0.278,0.272,0.266,0.260,0.254,0.248,0.242,0.237,0.232,0.227,0.222,0.217,0.213,0.208,0.204,0.200,0.196,0.192,0.188,0.184,0.180,0.177,0.173,0.170,0.167,0.163,0.160,0.157,0.154,0.152,0.149,0.146,0.143,0.141,0.138,0.136,0.133,0.131,0.129,0.127,0.124,0.122,0.120,0.118,0.116,0.114,0.112,0.111,0.109,0.107,0.105,0.104,0.102,0.100,0.099,0.097,0.096,0.094,0.093,0.091,0.090,0.089,0.087,0.086,0.085,0.084,0.082,0.081,0.080,0.079,0.078,0.077,0.076,0.075,0.074,0.072,0.071,0.071,0.070,0.069,0.068,0.067,0.066,0.065,0.064,0.063,0.062,0.062,0.061,0.060,0.059,0.059,0.058,0.057,0.056,0.056,0.055,0.054,0.054,0.053,0.052,0.052,0.051,0.050,0.050,0.049,0.049,0.048,0.048,0.047,0.046,0.046,0.045,0.045,0.044,0.044,0.043,0.043,0.042,0.042,0.041,0.041,0.041,0.040,0.040,0.039,0.039,0.038,0.038,0.038,0.037,0.037,0.036,0.036,0.036,0.035,0.035,0.035,0.034,0.034,0.034,0.033,0.033,0.033,0.032,0.032,0.032,0.031,0.031,0.031,0.030,0.030,0.030,0.029,0.029,0.029,0.029,0.028,0.028,0.028,0.028,0.027,0.027,0.027,0.027,0.026,0.026,0.026,0.026,0.025,0.025,0.025,0.025,0.024,0.024,0.024,0.024,0.024,0.023,0.023,0.023,0.023,0.023,0.022,0.022,0.022,0.022,0.022,0.021,0.021,0.021,0.021,0.021,0.021,0.020,0.020,0.020,0.020,0.020,0.020,0.019,0.019,0.019,0.019,0.019,0.019,0.018,0.018,0.018,0.018,0.018,0.018,0.018,0.017,0.017,0.017,0.017,0.017,0.017,0.017,0.017,0.016,0.016,0.016,0.016,0.016,0.016,0.016,0.016,0.015,0.015,0.015,0.015,0.015,0.015,0.015,0.015,0.015,0.014,0.014,0.014,0.014,0.014,0.014,0.014,0.014,0.014,0.014,0.013,0.013,0.013,0.013,0.013,0.013,0.013,0.013,0.013,0.013,0.013,0.012,0.012,0.012,0.012,0.012,0.012,0.012,0.012,0.012,0.012,0.012,0.012,0.011,0.011,0.011,0.011,0.011,0.011,0.011,0.011,0.011,0.011,0.011,0.011,0.011,0.011,0.010,0.010,0.010,0.010,0.010,0.010,0.010,0.010,0.010,0.010,0.010,0.010,0.010,0.010,0.010,0.010,0.009,0.009,0.009,0.009,0.009,0.009,0.009,0.009,0.009,0.009,0.009,0.009,0.009,0.009,0.009,0.009,0.009,0.009,0.008,0.008,0.008,0.008,0.008,0.008,0.008,0.008,0.008,0.008,0.008,0.008,0.008,0.008,0.008,0.008,0.008,0.008
50.000,52.657,71.266,135.362,263.068,430.825,598.425,743.024,862.286,962.724,1051.416,1133.391,1211.670,1287.926,1363.041,1437.470,1511.443,1568.864,1594.326,1585.997,1551.796,1501.465,1442.418,1379.167,1314.104,1248.204,1181.819,1115.159,1048.433,981.994,916.185,851.208,787.145,727.344,676.190,636.213,607.442,568.499,508.772,435.665,361.510,294.667,238.430,192.883,156.688,128.138,105.627,87.813,73.629,62.252,53.053,45.556,39.395,34.293,30.035,26.458,23.431,20.853,18.645,16.742,15.095,13.660,12.406,11.304,10.332,9.470,8.705,8.022,7.411,6.862,6.367,5.920,5.516,5.148,4.814,4.509,4.230,3.974,3.740,3.524,3.325,3.141,2.971,2.813,2.667,2.531,2.405,2.287,2.177,2.074,1.978,1.888,1.804,1.725,1.650,1.580,1.514,1.452,1.393,1.337,1.285,1.235,1.188,1.144,1.101,1.061,1.023,0.987,0.953,0.920,0.888,0.859,0.830,0.803,0.777,0.752,0.729,0.706,0.684,0.664,0.644,0.625,0.606,0.589,0.572,0.556,0.540,0.525,0.511,0.497,0.484,0.471,0.459,0.447,0.435,0.424,0.413,0.403,0.393,0.384,0.374,0.365,0.357,0.348,0.340,0.332,0.325,0.317,0.310,0.303,0.296,0.290,0.284,0.278,0.272,0.266,0.260,0.255,0.250,0.244,0.240,0.235,0.230,0.225,0.221,0.217,0.212,0.208,0.204,0.201,0.197,0.193,0.189,0.186,0.183,0.179,0.176,0.173,0.170,0.167,0.164,0.161,0.158,0.156,0.153,0.150,0.148,0.145,0.143,0.141,0.138,0.136,0.134,0.132,0.130,0.128,0.126,0.124,0.122,0.120,0.118,0.116,0.114,0.113,0.111,0.109,0.108,0.106,0.105,0.103,0.102,0.100,0.099,0.097,0.096,0.095,0.093,0.092,0.091,0.089,0.088,0.087,0.086,0.085,0.083,0.082,0.081,0.080,0.079,0.078,0.077,0.076,0.075,0.074,0.073,0.072,0.071,0.070,0.070,0.069,0.068,0.067,0.066,0.065,0.065,0.064,0.063,0.062,0.062,0.061,0.060,0.059,0.059,0.058,0.057,0.057,0.056,0.055,0.055,0.054,0.054,0.053,0.052,0.052,0.051,0.051,0.050,0.050,0.049,0.049,0.048,0.048,0.047,0.046,0.046,0.046,0.045,0.045,0.044,0.044,0.043,0.043,0.042,0.042,0.041,0.041,0.041,0.040,0.040,0.039,0.039,0.039,0.038,0.038,0.038,0.037,0.037,0.036,0.036,0.036,0.035,0.035,0.035,0.034,0.034,0.034,0.033,0.033,0.033,0.033,0.032,0.032,0.032,0.031,0.031,0.031,0.031,0.030,0.030,0.030,0.029,0.029,0.029,0.029,0.028,0.028,0.028,0.028,0.027,0.027,0.027,0.027,0.027,0.026,0.026,0.026,0.026,0.025,0.025,0.025,0.025,0.025,0.024,0.024,0.024,0.024,0.024,0.023,0.023,0.023,0.023,0.023,0.023,0.022,0.022,0.022,0.022,0.022,0.021,0.021,0.021,0.021,0.021,0.021,0.020,0.020,0.020,0.020,0.020,0.020,0.020,0.019,0.019,0.019,0.019,0.019,0.019,0.019,0.018,0.018,0.018,0.018,0.018,0.018,0.018,0.018,0.017,0.017,0.017,0.017,0.017,0.017,0.017,0.017,0.016,0.016,0.016,0.016,0.016,0.016,0.016,0.016,0.016,0.015,0.015,0.015,0.015,0.015,0.015,0.015,0.015,0.015,0.015,0.014,0.014,0.014,0.014,0.014,0.014,0.014,0.014,0.014,0.014,0.014,0.013,0.013,0.013,0.013,0.013,0.013,0.013,0.013,0.013,0.013,0.013,0.013,0.012,0.012,0.012,0.012,0.012,0.012,0.012,0.012,0.012,0.012,0.012,0.012,0.012,0.011,0.011,0.011,0.011,0.011,0.011,0.011,0.011,0.011,0.011,0.011,0.011,0.011,0.011,0.011,0.010,0.010,0.010,0.010,0.010,0.010,0.010,0.010,0.010,0.010,0.010,0.010,0.010,0.010,0.010,0.010
50.000,51.274,61.214,101.576,199.227,351.064,522.149,680.202,813.384,924.249,1019.679,1105.738,1186.478,1264.279,1340.441,1415.646,1490.244,1551.704,1585.104,1585.804,1559.160,1514.056,1458.222,1396.831,1332.852,1267.681,1201.895,1135.787,1069.584,1003.608,938.191,873.568,809.857,749.527,696.343,653.063,620.431,583.534,530.941,464.899,394.628,328.286,270.242,221.715,182.165,150.335,124.834,104.393,87.950,74.650,63.823,54.948,47.621,41.530,36.430,32.133,28.488,25.378,22.709,20.407,18.410,16.669,15.145,13.806,12.623,11.574,10.642,9.809,9.064,8.394,7.790,7.245,6.751,6.302,5.893,5.520,5.179,4.867,4.580,4.315,4.072,3.847,3.639,3.446,3.267,3.101,2.946,2.802,2.667,2.542,2.424,2.314,2.210,2.113,2.022,1.936,1.855,1.779,1.707,1.639,1.575,1.514,1.456,1.402,1.350,1.301,1.254,1.210,1.167,1.127,1.089,1.052,1.017,0.984,0.952,0.922,0.893,0.865,0.839,0.813,0.789,0.766,0.743,0.722,0.701,0.681,0.662,0.644,0.626,0.609,0.593,0.577,0.562,0.547,0.533,0.520,0.507,0.494,0.482,0.470,0.459,0.448,0.437,0.427,0.417,0.407,0.398,0.389,0.380,0.371,0.363,0.355,0.348,0.340,0.333,0.326,0.319,0.312,0.306,0.300,0.293,0.288,0.282,0.276,0.271,0.265,0.260,0.255,0.250,0.246,0.241,0.237,0.232,0.228,0.224,0.220,0.216,0.212,0.208,0.204,0.201,0.197,0.194,0.191,0.187,0.184,0.181,0.178,0.175,0.172,0.169,0.167,0.164,0.161,0.159,0.156,0.154,0.151,0.149,0.147,0.145,0.142,0.140,0.138,0.136,0.134,0.132,0.130,0.128,0.126,0.124,0.123,0.121,0.119,0.117,0.116,0.114,0.113,0.111,0.109,0.108,0.107,0.105,0.104,0.102,0.101,0.100,0.098,0.097,0.096,0.094,0.093,0.092,0.091,0.090,0.089,0.087,0.086,0.085,0.084,0.083,0.082,0.081,0.080,0.079,0.078,0.077,0.076,0.075,0.075,0.074,0.073,0.072,0.071,0.070,0.070,0.069,0.068,0.067,0.066,0.066,0.065,0.064,0.064,0.063,0.062,0.061,0.061,0.060,0.059,0.059,0.058,0.058,0.057,0.056,0.056,0.055,0.055,0.054,0.053,0.053,0.052,0.052,0.051,0.051,0.050,0.050,0.049,0.049,0.048,0.048,0.047,0.047,0.046,0.046,0.046,0.045,0.045,0.044,0.044,0.043,0.043,0.043,0.042,0.042,0.041,0.041,0.041,0.040,0.040,0.039,0.039,0.039,0.038,0.038,0.038,0.037,0.037,0.037,0.036,0.036,0.036,0.035,0.035,0.035,0.035,0.034,0.034,0.034,0.033,0.033,0.033,0.033,0.032,0.032,0.032,0.031,0.031,0.031,0.031,0.030,0.030,0.030,0.030,0.029,0.029,0.029,0.029,0.028,0.028,0.028,0.028,0.028,0.027,0.027,0.027,0.027,0.026,0.026,0.026,0.026,0.026,0.025,0.025,0.025,0.025,0.025,0.025,0.024,0.024,0.024,0.024,0.024,0.023,0.023,0.023,0.023,0.023,0.023,0.022,0.022,0.022,0.022,0.022,0.022,0.021,0.021,0.021,0.021,0.021,0.021,0.021,0.020,0.020,0.020,0.020,0.020,0.020,0.020,0.019,0.019,0.019,0.019,0.019,0.019,0.019,0.019,0.018,0.018,0.018,0.018,0.018,0.018,0.018,0.018,0.017,0.017,0.017,0.017,0.017,0.017,0.017,0.017,0.017,0.016,0.016,0.016,0.016,0.016,0.016,0.016,0.016,0.016,0.016,0.015,0.015,0.015,0.015,0.015,0.015,0.015,0.015,0.015,0.015,0.014,0.014,0.014,0.014,0.014,0.014,0.014,0.014,0.014,0.014,0.014,0.014,0.013,0.013,0.013,0.013,0.013,0.013,0.013,0.013,0.013,0.013,0.013,0.013,0.013,0.012,0.012,0.012,0.012,0.012,0.012,0.012,0.012,0.012,0.012,0.012
50.000,50.609,55.785,79.697,148.880,277.150,442.956,610.401,757.583,880.611,984.565,1076.006,1160.014,1239.823,1317.288,1393.411,1468.716,1533.518,1573.912,1583.235,1564.371,1525.016,1472.916,1413.772,1351.117,1286.792,1221.649,1156.099,1090.413,1024.896,959.872,895.593,832.213,771.571,716.841,670.793,634.672,598.236,550.710,490.869,424.881,360.014,301.156,250.427,208.043,173.244,144.912,121.905,103.202,87.944,75.435,65.122,56.566,49.424,43.425,38.354,34.043,30.357,27.188,24.449,22.071,19.996,18.177,16.576,15.162,13.907,12.790,11.793,10.899,10.095,9.371,8.717,8.124,7.585,7.094,6.646,6.236,5.860,5.515,5.197,4.904,4.633,4.383,4.151,3.936,3.736,3.549,3.376,3.214,3.062,2.920,2.788,2.663,2.546,2.436,2.333,2.235,2.143,2.057,1.975,1.897,1.824,1.755,1.689,1.627,1.567,1.511,1.458,1.407,1.358,1.312,1.268,1.226,1.186,1.148,1.111,1.076,1.043,1.011,0.980,0.951,0.923,0.896,0.870,0.845,0.821,0.798,0.776,0.755,0.734,0.714,0.695,0.677,0.660,0.643,0.626,0.611,0.595,0.581,0.566,0.553,0.539,0.527,0.514,0.502,0.491,0.479,0.468,0.458,0.448,0.438,0.428,0.419,0.410,0.401,0.393,0.384,0.376,0.369,0.361,0.354,0.347,0.340,0.333,0.326,0.320,0.314,0.308,0.302,0.296,0.291,0.285,0.280,0.275,0.270,0.265,0.260,0.255,0.251,0.246,0.242,0.238,0.234,0.230,0.226,0.222,0.218,0.215,0.211,0.208,0.204,0.201,0.198,0.194,0.191,0.188,0.185,0.182,0.180,0.177,0.174,0.171,0.169,0.166,0.164,0.161,0.159,0.157,0.154,0.152,0.150,0.148,0.146,0.144,0.142,0.140,0.138,0.136,0.134,0.132,0.130,0.128,0.127,0.125,0.123,0.122,0.120,0.118,0.117,0.115,0.114,0.112,0.111,0.109,0.108,0.107,0.105,0.104,0.103,0.101,0.100,0.099,0.098,0.097,0.095,0.094,0.093,0.092,0.091,0.090,0.089,0.088,0.087,0.086,0.085,0.084,0.083,0.082,0.081,0.080,0.079,0.078,0.077,0.077,0.076,0.075,0.074,0.073,0.072,0.072,0.071,0.070,0.069,0.069,0.068,0.067,0.066,0.066,0.065,0.064,0.064,0.063,0.062,0.062,0.061,0.061,0.060,0.059,0.059,0.058,0.058,0.057,0.056,0.056,0.055,0.055,0.054,0.054,0.053,0.053,0.052,0.052,0.051,0.051,0.050,0.050,0.049,0.049,0.048,0.048,0.048,0.047,0.047,0.046,0.046,0.045,0.045,0.045,0.044,0.044,0.043,0.043,0.043,0.042,0.042,0.042,0.041,0.041,0.041,0.040,0.040,0.039,0.039,0.039,0.038,0.038,0.038,0.038,0.037,0.037,0.037,0.036,0.036,0.036,0.035,0.035,0.035,0.035,0.034,0.034,0.034,0.033,0.033,0.033,0.033,0.032,0.032,0.032,0.032,0.031,0.031,0.031,0.031,0.030,0.030,0.030,0.030,0.030,0.029,0.029,0.029,0.029,0.028,0.028,0.028,0.028,0.028,0.027,0.027,0.027,0.027,0.027,0.026,0.026,0.026,0.026,0.026,0.025,0.025,0.025,0.025,0.025,0.025,0.024,0.024,0.024,0.024,0.024,0.024,0.023,0.023,0.023,0.023,0.023,0.023,0.022,0.022,0.022,0.022,0.022,0.022,0.022,0.021,0.021,0.021,0.021,0.021,0.021,0.021,0.020,0.020,0.020,0.020,0.020,0.020,0.020,0.020,0.019,0.019,0.019,0.019,0.019,0.019,0.019,0.019,0.018,0.018,0.018,0.018,0.018,0.018,0.018,0.018,0.018,0.017,0.017,0.017,0.017,0.017,0.017,0.017,0.017,0.017,0.017,0.016,0.016,0.016,0.016,0.016,0.016,0.016,0.016,0.016,0.016,0.015,0.015,0.015,0.015,0.015,0.015,0.015,0.015,0.015,0.015,0.015,0.015,0.014,0.014,0.014,0.014
50.000,50.291,52.943,66.457,112.068,212.917,364.564,535.150,694.707,830.991,945.257,1043.598,1131.902,1214.339,1293.460,1370.697,1446.819,1514.440,1560.970,1578.417,1567.411,1534.238,1486.372,1429.884,1368.827,1305.502,1241.068,1176.098,1110.928,1045.868,981.237,917.298,854.232,793.431,737.538,689.199,649.980,613.010,568.857,514.193,452.505,389.778,330.943,278.744,234.065,196.647,165.688,140.216,119.286,102.061,87.837,76.039,66.203,57.958,51.007,45.115,40.092,35.788,32.081,28.872,26.081,23.642,21.503,19.618,17.951,16.472,15.154,13.976,12.920,11.970,11.114,10.339,9.637,8.999,8.418,7.887,7.401,6.956,6.547,6.170,5.823,5.502,5.205,4.930,4.674,4.437,4.216,4.010,3.817,3.638,3.469,3.312,3.164,3.025,2.894,2.772,2.656,2.547,2.444,2.346,2.254,2.167,2.085,2.007,1.933,1.862,1.796,1.732,1.672,1.614,1.559,1.507,1.457,1.409,1.364,1.320,1.279,1.239,1.201,1.165,1.130,1.096,1.064,1.033,1.004,0.975,0.948,0.922,0.897,0.872,0.849,0.826,0.805,0.784,0.764,0.744,0.726,0.707,0.690,0.673,0.657,0.641,0.626,0.611,0.597,0.583,0.570,0.557,0.544,0.532,0.520,0.509,0.498,0.487,0.477,0.466,0.457,0.447,0.438,0.429,0.420,0.412,0.404,0.396,0.388,0.380,0.373,0.366,0.359,0.352,0.345,0.339,0.332,0.326,0.320,0.315,0.309,0.303,0.298,0.293,0.288,0.283,0.278,0.273,0.268,0.264,0.259,0.255,0.251,0.247,0.243,0.239,0.235,0.231,0.227,0.224,0.220,0.217,0.213,0.210,0.207,0.204,0.201,0.198,0.195,0.192,0.189,0.186,0.183,0.181,0.178,0.176,0.173,0.171,0.168,0.166,0.163,0.161,0.159,0.157,0.155,0.153,0.150,0.148,0.146,0.144,0.143,0.141,0.139,0.137,0.135,0.133,0.132,0.130,0.128,0.127,0.125,0.124,0.122,0.121,0.119,0.118,0.116,0.115,0.113,0.112,0.111,0.109,0.108,0.107,0.106,0.104,0.103,0.102,0.101,0.100,0.098,0.097,0.096,0.095,0.094,0.093,0.092,0.091,0.090,0.089,0.088,0.087,0.086,0.085,0.084,0.083,0.082,0.082,0.081,0.080,0.079,0.078,0.077,0.077,0.076,0.075,0.074,0.073,0.073,0.072,0.071,0.071,0.070,0.069,0.068,0.068,0.067,0.066,0.066,0.065,0.065,0.064,0.063,0.063,0.062,0.061,0.061,0.060,0.060,0.059,0.059,0.058,0.058,0.057,0.057,0.056,0.055,0.055,0.054,0.054,0.054,0.053,0.053,0.052,0.052,0.051,0.051,0.050,0.050,0.049,0.049,0.049,0.048,0.048,0.047,0.047,0.047,0.046,0.046,0.045,0.045,0.045,0.044,0.044,0.043,0.043,0.043,0.042,0.042,0.042,0.041,0.041,0.041,0.040,0.040,0.040,0.039,0.039,0.039,0.039,0.038,0.038,0.038,0.037,0.037,0.037,0.036,0.036,0.036,0.036,0.035,0.035,0.035,0.035,0.034,0.034,0.034,0.034,0.033,0.033,0.033,0.033,0.032,0.032,0.032,0.032,0.031,0.031,0.031,0.031,0.030,0.030,0.030,0.030,0.030,0.029,0.029,0.029,0.029,0.029,0.028,0.028,0.028,0.028,0.028,0.027,0.027,0.027,0.027,0.027,0.027,0.026,0.026,0.026,0.026,0.026,0.025,0.025,0.025,0.025,0.025,0.025,0.024,0.024,0.024,0.024,0.024,0.024,0.024,0.023,0.023,0.023,0.023,0.023,0.023,0.022,0.022,0.022,0.022,0.022,0.022,0.022,0.022,0.021,0.021,0.021,0.021,0.021,0.021,0.021,0.020,0.020,0.020,0.020,0.020,0.020,0.020,0.020,0.019,0.019,0.019,0.019,0.019,0.019,0.019,0.019,0.019,0.018,0.018,0.018,0.018,0.018,0.018,0.018,0.018,0.018,0.018,0.017,0.017,0.017,0.017,0.017,0.017,0.017
50.000,50.139,51.485,58.872,87.090,160.810,291.011,456.940,625.246,774.799,900.922,1007.820,1101.670,1187.540,1268.791,1347.411,1424.501,1494.562,1546.470,1571.490,1568.294,1541.639,1498.474,1445.061,1385.905,1323.765,1260.132,1195.779,1131.135,1066.534,1002.296,938.695,875.931,815.079,758.323,708.111,666.180,628.085,585.971,535.435,477.797,417.601,359.454,306.447,260.004,220.344,186.997,159.196,136.103,116.926,100.974,87.661,76.504,67.111,59.163,52.405,46.629,41.668,37.386,33.673,30.439,27.610,25.125,22.934,20.994,19.271,17.735,16.361,15.129,14.020,13.020,12.115,11.294,10.548,9.868,9.247,8.679,8.157,7.678,7.237,6.830,6.454,6.106,5.784,5.485,5.206,4.947,4.705,4.480,4.269,4.072,3.887,3.713,3.550,3.397,3.253,3.117,2.989,2.869,2.755,2.647,2.544,2.448,2.356,2.269,2.186,2.108,2.033,1.962,1.895,1.831,1.769,1.711,1.655,1.601,1.550,1.502,1.455,1.410,1.368,1.327,1.287,1.250,1.213,1.179,1.145,1.113,1.082,1.053,1.024,0.997,0.970,0.945,0.920,0.897,0.874,0.852,0.831,0.810,0.790,0.771,0.753,0.735,0.717,0.701,0.684,0.669,0.654,0.639,0.625,0.611,0.597,0.584,0.572,0.560,0.548,0.536,0.525,0.514,0.504,0.493,0.483,0.474,0.464,0.455,0.446,0.438,0.429,0.421,0.413,0.405,0.398,0.390,0.383,0.376,0.369,0.363,0.356,0.350,0.344,0.338,0.332,0.326,0.320,0.315,0.310,0.304,0.299,0.294,0.290,0.285,0.280,0.276,0.271,0.267,0.263,0.259,0.255,0.251,0.247,0.243,0.239,0.236,0.232,0.229,0.225,0.222,0.218,0.215,0.212,0.209,0.206,0.203,0.200,0.197,0.195,0.192,0.189,0.187,0.184,0.182,0.179,0.177,0.174,0.172,0.170,0.167,0.165,0.163,0.161,0.159,0.157,0.155,0.153,0.151,0.149,0.147,0.145,0.143,0.142,0.140,0.138,0.136,0.135,0.133,0.132,0.130,0.128,0.127,0.125,0.124,0.122,0.121,0.120,0.118,0.117,0.116,0.114,0.113,0.112,0.110,0.109,0.108,0.107,0.106,0.104,0.103,0.102,0.101,0.100,0.099,0.098,0.097,0.096,0.095,0.094,0.093,0.092,0.091,0.090,0.089,0.088,0.087,0.086,0.085,0.084,0.084,0.083,0.082,0.081,0.080,0.080,0.079,0.078,0.077,0.076,0.076,0.075,0.074,0.074,0.073,0.072,0.072,0.071,0.070,0.070,0.069,0.068,0.068,0.067,0.066,0.066,0.065,0.065,0.064,0.063,0.063,0.062,0.062,0.061,0.061,0.060,0.060,0.059,0.059,0.058,0.058,0.057,0.057,0.056,0.056,0.055,0.055,0.054,0.054,0.053,0.053,0.052,0.052,0.051,0.051,0.051,0.050,0.050,0.049,0.049,0.049,0.048,0.048,0.047,0.047,0.047,0.046,0.046,0.046,0.045,0.045,0.045,0.044,0.044,0.043,0.043,0.043,0.042,0.042,0.042,0.042,0.041,0.041,0.041,0.040,0.040,0.040,0.039,0.039,0.039,0.039,0.038,0.038,0.038,0.037,0.037,0.037,0.037,0.036,0.036,0.036,0.036,0.035,0.035,0.035,0.035,0.034,0.034,0.034,0.034,0.033,0.033,0.033,0.033,0.032,0.032,0.032,0.032,0.032,0.031,0.031,0.031,0.031,0.030,0.030,0.030,0.030,0.030,0.029,0.029,0.029,0.029,0.029,0.029,0.028,0.028,0.028,0.028,0.028,0.027,0.027,0.027,0.027,0.027,0.027,0.026,0.026,0.026,0.026,0.026,0.026,0.025,0.025,0.025,0.025,0.025,0.025,0.024,0.024,0.024,0.024,0.024,0.024,0.024,0.023,0.023,0.023,0.023,0.023,0.023,0.023,0.022,0.022,0.022,0.022,0.022,0.022,0.022,0.022,0.021,0.021,0.021,0.021,0.021,0.021,0.021,0.021,0.020,0.020,0.020,0.020,0.020,0.020,0.020
50.000,50.066,50.745,54.695,71.275,121.483,225.982,379.071,550.510,711.851,850.803,967.910,1068.751,1159.060,1243.065,1323.430,1401.691,1473.942,1530.576,1562.599,1567.060,1547.160,1509.115,1459.195,1402.268,1341.525,1278.814,1215.133,1151.035,1086.900,1023.059,959.794,897.326,836.499,779.114,727.384,683.111,643.576,602.490,555.091,501.079,443.578,386.612,333.369,285.670,244.152,208.683,178.717,153.551,132.463,114.787,99.942,87.435,76.858,67.875,60.212,53.645,47.990,43.100,38.852,35.147,31.900,29.046,26.525,24.292,22.307,20.536,18.951,17.529,16.248,15.093,14.046,13.097,12.234,11.447,10.728,10.070,9.466,8.911,8.400,7.928,7.492,7.089,6.715,6.368,6.045,5.745,5.464,5.203,4.958,4.729,4.514,4.313,4.124,3.946,3.779,3.621,3.473,3.332,3.200,3.075,2.956,2.844,2.737,2.636,2.540,2.449,2.362,2.280,2.202,2.127,2.055,1.987,1.923,1.861,1.801,1.745,1.691,1.639,1.589,1.541,1.496,1.452,1.410,1.370,1.331,1.294,1.258,1.223,1.190,1.158,1.128,1.098,1.069,1.042,1.015,0.990,0.965,0.941,0.918,0.896,0.874,0.854,0.834,0.814,0.795,0.777,0.759,0.742,0.726,0.710,0.694,0.679,0.664,0.650,0.636,0.623,0.610,0.597,0.585,0.573,0.562,0.550,0.540,0.529,0.519,0.509,0.499,0.489,0.480,0.471,0.462,0.454,0.445,0.437,0.429,0.421,0.414,0.407,0.399,0.392,0.386,0.379,0.372,0.366,0.360,0.354,0.348,0.342,0.336,0.331,0.326,0.320,0.315,0.310,0.305,0.300,0.296,0.291,0.287,0.282,0.278,0.274,0.270,0.266,0.262,0.258,0.254,0.250,0.247,0.243,0.239,0.236,0.233,0.229,0.226,0.223,0.220,0.217,0.214,0.211,0.208,0.205,0.202,0.200,0.197,0.194,0.192,0.189,0.187,0.184,0.182,0.180,0.177,0.175,0.173,0.171,0.169,0.167,0.164,0.162,0.160,0.158,0.157,0.155,0.153,0.151,0.149,0.147,0.146,0.144,0.142,0.141,0.139,0.137,0.136,0.134,0.133,0.131,0.130,0.128,0.127,0.125,0.124,0.123,0.121,0.120,0.119,0.117,0.116,0.115,0.114,0.112,0.111,0.110,0.109,0.108,0.107,0.105,0.104,0.103,0.102,0.101,0.100,0.099,0.098,0.097,0.096,0.095,0.094,0.093,0.092,0.092,0.091,0.090,0.089,0.088,0.087,0.086,0.085,0.085,0.084,0.083,0.082,0.082,0.081,0.080,0.079,0.079,0.078,0.077,0.076,0.076,0.075,0.074,0.074,0.073,0.072,0.072,0.071,0.070,0.070,0.069,0.069,0.068,0.067,0.067,0.066,0.066,0.065,0.065,0.064,0.063,0.063,0.062,0.062,0.061,0.061,0.060,0.060,0.059,0.059,0.058,0.058,0.057,0.057,0.056,0.056,0.056,0.055,0.055,0.054,0.054,0.053,0.053,0.053,0.052,0.052,0.051,0.051,0.051,0.050,0.050,0.049,0.049,0.049,0.048,0.048,0.047,0.047,0.047,0.046,0.046,0.046,0.045,0.045,0.045,0.044,0.044,0.044,0.043,0.043,0.043,0.042,0.042,0.042,0.042,0.041,0.041,0.041,0.040,0.040,0.040,0.040,0.039,0.039,0.039,0.038,0.038,0.038,0.038,0.037,0.037,0.037,0.037,0.036,0.036,0.036,0.036,0.035,0.035,0.035,0.035,0.034,0.034,0.034,0.034,0.034,0.033,0.033,0.033,0.033,0.032,0.032,0.032,0.032,0.032,0.031,0.031,0.031,0.031,0.031,0.030,0.030,0.030,0.030,0.030,0.030,0.029,0.029,0.029,0.029,0.029,0.028,0.028,0.028,0.028,0.028,0.028,0.027,0.027,0.027,0.027,0.027,0.027,0.026,0.026,0.026,0.026,0.026,0.026,0.025,0.025,0.025,0.025,0.025,0.025,0.025,0.024,0.024,0.024,0.024,0.024,0.024,0.024,0.023,0.023,0.023,0.023,0.023
50.000,50.032,50.372,52.455,61.830,93.888,172.099,305.270,472.697,642.541,794.339,923.089,1032.487,1128.444,1215.998,1298.587,1378.297,1452.605,1513.424,1551.884,1563.768,1550.766,1518.205,1472.184,1417.827,1358.723,1297.077,1234.145,1170.626,1106.971,1043.531,980.606,918.428,857.682,799.851,746.903,700.625,659.522,618.723,573.580,522.677,467.851,412.399,359.396,310.904,267.912,230.599,198.657,171.532,148.592,129.215,112.836,98.962,87.175,77.125,68.523,61.130,54.749,49.219,44.407,40.201,36.512,33.264,30.394,27.848,25.582,23.560,21.749,20.122,18.657,17.334,16.136,15.048,14.059,13.156,12.332,11.577,10.884,10.247,9.660,9.118,8.618,8.155,7.725,7.326,6.955,6.610,6.288,5.987,5.705,5.442,5.195,4.964,4.746,4.542,4.350,4.168,3.997,3.836,3.683,3.539,3.403,3.274,3.151,3.035,2.924,2.820,2.720,2.625,2.535,2.449,2.367,2.288,2.214,2.142,2.074,2.009,1.946,1.887,1.829,1.775,1.722,1.672,1.623,1.577,1.532,1.489,1.448,1.409,1.370,1.334,1.298,1.264,1.231,1.200,1.169,1.140,1.111,1.084,1.057,1.032,1.007,0.983,0.960,0.937,0.916,0.895,0.874,0.855,0.836,0.817,0.799,0.782,0.765,0.749,0.733,0.717,0.702,0.688,0.674,0.660,0.647,0.634,0.621,0.609,0.597,0.586,0.574,0.563,0.553,0.542,0.532,0.522,0.513,0.503,0.494,0.485,0.477,0.468,0.460,0.452,0.444,0.436,0.429,0.421,0.414,0.407,0.401,0.394,0.387,0.381,0.375,0.369,0.363,0.357,0.351,0.346,0.340,0.335,0.330,0.325,0.320,0.315,0.310,0.306,0.301,0.297,0.292,0.288,0.284,0.280,0.276,0.272,0.268,0.264,0.260,0.257,0.253,0.250,0.246,0.243,0.240,0.236,0.233,0.230,0.227,0.224,0.221,0.218,0.215,0.212,0.210,0.207,0.204,0.202,0.199,0.197,0.194,0.192,0.189,0.187,0.185,0.182,0.180,0.178,0.176,0.174,0.172,0.170,0.168,0.166,0.164,0.162,0.160,0.158,0.156,0.155,0.153,0.151,0.149,0.148,0.146,0.144,0.143,0.141,0.140,0.138,0.137,0.135,0.134,0.132,0.131,0.129,0.128,0.127,0.125,0.124,0.123,0.121,0.120,0.119,0.118,0.117,0.115,0.114,0.113,0.112,0.111,0.110,0.109,0.107,0.106,0.105,0.104,0.103,0.102,0.101,0.100,0.099,0.098,0.097,0.097,0.096,0.095,0.094,0.093,0.092,0.091,0.090,0.090,0.089,0.088,0.087,0.086,0.086,0.085,0.084,0.083,0.083,0.082,0.081,0.080,0.080,0.079,0.078,0.078,0.077,0.076,0.076,0.075,0.074,0.074,0.073,0.072,0.072,0.071,0.071,0.070,0.069,0.069,0.068,0.068,0.067,0.067,0.066,0.066,0.065,0.064,0.064,0.063,0.063,0.062,0.062,0.061,0.061,0.060,0.060,0.060,0.059,0.059,0.058,0.058,0.057,0.057,0.056,0.056,0.056,0.055,0.055,0.054,0.054,0.053,0.053,0.053,0.052,0.052,0.051,0.051,0.051,0.050,0.050,0.050,0.049,0.049,0.049,0.048,0.048,0.048,0.047,0.047,0.047,0.046,0.046,0.046,0.045,0.045,0.045,0.044,0.044,0.044,0.043,0.043,0.043,0.042,0.042,0.042,0.042,0.041,0.041,0.041,0.040,0.040,0.040,0.040,0.039,0.039,0.039,0.039,0.038,0.038,0.038,0.038,0.037,0.037,0.037,0.037,0.036,0.036,0.036,0.036,0.036,0.035,0.035,0.035,0.035,0.034,0.034,0.034,0.034,0.034,0.033,0.033,0.033,0.033,0.033,0.032,0.032,0.032,0.032,0.032,0.031,0.031,0.031,0.031,0.031,0.030,0.030,0.030,0.030,0.030,0.030,0.029,0.029,0.029,0.029,0.029,0.028,0.028,0.028,0.028,0.028,0.028,0.028,0.027,0.027,0.027,0.027,0.027,0.027,0.026
50.000,50.015,50.186,51.274,56.438,75.824,130.437,239.108,394.804,568.007,731.320,872.634,992.156,1095.148,1187.235,1272.669,1354.193,1430.541,1495.115,1539.478,1558.490,1552.443,1525.669,1483.932,1432.496,1375.291,1314.881,1252.793,1189.901,1126.746,1063.719,1001.136,939.249,878.624,820.488,766.573,718.597,675.916,634.883,591.246,542.898,490.594,436.847,384.457,335.585,291.482,252.612,218.897,189.948,165.236,144.197,126.296,111.049,98.033,86.892,77.323,69.074,61.937,55.737,50.332,45.601,41.445,37.781,34.539,31.661,29.097,26.807,24.754,22.910,21.247,19.745,18.385,17.149,16.024,14.998,14.060,13.201,12.413,11.687,11.019,10.403,9.832,9.305,8.815,8.361,7.938,7.544,7.176,6.833,6.513,6.212,5.931,5.667,5.419,5.186,4.966,4.759,4.564,4.380,4.206,4.041,3.886,3.738,3.598,3.466,3.340,3.220,3.106,2.998,2.895,2.796,2.703,2.613,2.528,2.447,2.369,2.294,2.223,2.155,2.090,2.027,1.967,1.909,1.854,1.801,1.750,1.701,1.654,1.609,1.565,1.523,1.483,1.444,1.406,1.370,1.335,1.302,1.269,1.238,1.208,1.178,1.150,1.123,1.096,1.071,1.046,1.022,0.999,0.976,0.954,0.933,0.913,0.893,0.874,0.855,0.837,0.819,0.802,0.786,0.770,0.754,0.739,0.724,0.710,0.696,0.682,0.669,0.656,0.643,0.631,0.619,0.608,0.597,0.586,0.575,0.564,0.554,0.544,0.535,0.525,0.516,0.507,0.498,0.490,0.481,0.473,0.465,0.458,0.450,0.443,0.435,0.428,0.421,0.415,0.408,0.401,0.395,0.389,0.383,0.377,0.371,0.365,0.360,0.354,0.349,0.344,0.339,0.334,0.329,0.324,0.319,0.315,0.310,0.306,0.302,0.297,0.293,0.289,0.285,0.281,0.277,0.274,0.270,0.266,0.263,0.259,0.256,0.252,0.249,0.246,0.243,0.239,0.236,0.233,0.230,0.227,0.225,0.222,0.219,0.216,0.214,0.211,0.208,0.206,0.203,0.201,0.199,0.196,0.194,0.192,0.189,0.187,0.185,0.183,0.181,0.179,0.176,0.174,0.172,0.171,0.169,0.167,0.165,0.163,0.161,0.159,0.158,0.156,0.154,0.153,0.151,0.149,0.148,0.146,0.145,0.143,0.142,0.140,0.139,0.137,0.136,0.134,0.133,0.132,0.130,0.129,0.128,0.126,0.125,0.124,0.123,0.122,0.120,0.119,0.118,0.117,0.116,0.115,0.113,0.112,0.111,0.110,0.109,0.108,0.107,0.106,0.105,0.104,0.103,0.102,0.101,0.100,0.100,0.099,0.098,0.097,0.096,0.095,0.094,0.093,0.093,0.092,0.091,0.090,0.089,0.089,0.088,0.087,0.086,0.086,0.085,0.084,0.083,0.083,0.082,0.081,0.081,0.080,0.079,0.079,0.078,0.077,0.077,0.076,0.075,0.075,0.074,0.074,0.073,0.072,0.072,0.071,0.071,0.070,0.070,0.069,0.069,0.068,0.067,0.067,0.066,0.066,0.065,0.065,0.064,0.064,0.063,0.063,0.062,0.062,0.062,0.061,0.061,0.060,0.060,0.059,0.059,0.058,0.058,0.058,0.057,0.057,0.056,0.056,0.055,0.055,0.055,0.054,0.054,0.054,0.053,0.053,0.052,0.052,0.052,0.051,0.051,0.051,0.050,0.050,0.050,0.049,0.049,0.049,0.048,0.048,0.048,0.047,0.047,0.047,0.046,0.046,0.046,0.045,0.045,0.045,0.044,0.044,0.044,0.044,0.043,0.043,0.043,0.042,0.042,0.042,0.042,0.041,0.041,0.041,0.041,0.040,0.040,0.040,0.040,0.039,0.039,0.039,0.039,0.038,0.038,0.038,0.038,0.037,0.037,0.037,0.037,0.036,0.036,0.036,0.036,0.036,0.035,0.035,0.035,0.035,0.035,0.034,0.034,0.034,0.034,0.034,0.033,0.033,0.033,0.033,0.033,0.032,0.032,0.032,0.032,0.032,0.031,0.031,0.031,0.031,0.031,0.031,0.030,0.030
50.000,50.007,50.092,50.657,53.454,64.696,100.434,183.339,320.326,490.219,662.054,815.996,947.012,1058.544,1156.337,1245.399,1329.216,1407.705,1475.722,1525.499,1551.307,1552.196,1531.448,1494.350,1446.184,1391.159,1332.178,1271.050,1208.848,1146.224,1083.625,1021.393,959.796,899.323,840.993,786.319,736.917,692.723,651.108,608.361,562.024,511.996,460.024,408.521,359.619,314.746,274.603,239.329,208.704,182.315,159.670,140.273,123.656,109.403,97.152,86.593,77.464,69.543,62.649,56.625,51.344,46.697,42.595,38.961,35.732,32.853,30.278,27.970,25.894,24.022,22.329,20.795,19.401,18.132,16.974,15.915,14.945,14.054,13.234,12.479,11.782,11.137,10.540,9.987,9.472,8.994,8.548,8.132,7.744,7.381,7.041,6.722,6.423,6.142,5.878,5.629,5.395,5.174,4.965,4.768,4.582,4.405,4.238,4.080,3.929,3.787,3.651,3.522,3.399,3.282,3.171,3.065,2.963,2.867,2.774,2.686,2.602,2.521,2.444,2.370,2.299,2.231,2.165,2.103,2.042,1.985,1.929,1.876,1.824,1.775,1.727,1.682,1.638,1.595,1.554,1.514,1.476,1.439,1.404,1.370,1.336,1.304,1.273,1.243,1.214,1.186,1.159,1.133,1.107,1.082,1.059,1.035,1.013,0.991,0.970,0.949,0.929,0.910,0.891,0.873,0.855,0.838,0.821,0.805,0.789,0.774,0.759,0.744,0.730,0.716,0.702,0.689,0.677,0.664,0.652,0.640,0.629,0.617,0.606,0.596,0.585,0.575,0.565,0.555,0.546,0.537,0.528,0.519,0.510,0.502,0.494,0.486,0.478,0.470,0.463,0.455,0.448,0.441,0.434,0.427,0.421,0.414,0.408,0.402,0.396,0.390,0.384,0.379,0.373,0.368,0.362,0.357,0.352,0.347,0.342,0.337,0.333,0.328,0.323,0.319,0.315,0.310,0.306,0.302,0.298,0.294,0.290,0.286,0.282,0.279,0.275,0.272,0.268,0.265,0.261,0.258,0.255,0.251,0.248,0.245,0.242,0.239,0.236,0.233,0.231,0.228,0.225,0.222,0.220,0.217,0.215,0.212,0.210,0.207,0.205,0.202,0.200,0.198,0.196,0.193,0.191,0.189,0.187,0.185,0.183,0.181,0.179,0.177,0.175,0.173,0.171,0.169,0.168,0.166,0.164,0.162,0.161,0.159,0.157,0.156,0.154,0.152,0.151,0.149,0.148,0.146,0.145,0.143,0.142,0.141,0.139,0.138,0.136,0.135,0.134,0.133,0.131,0.130,0.129,0.127,0.126,0.125,0.124,0.123,0.122,0.120,0.119,0.118,0.117,0.116,0.115,0.114,0.113,0.112,0.111,0.110,0.109,0.108,0.107,0.106,0.105,0.104,0.103,0.102,0.101,0.100,0.100,0.099,0.098,0.097,0.096,0.095,0.095,0.094,0.093,0.092,0.091,0.091,0.090,0.089,0.088,0.088,0.087,0.086,0.086,0.085,0.084,0.083,0.083,0.082,0.082,0.081,0.080,0.080,0.079,0.078,0.078,0.077,0.076,0.076,0.075,0.075,0.074,0.074,0.073,0.072,0.072,0.071,0.071,0.070,0.070,0.069,0.069,0.068,0.068,0.067,0.067,0.066,0.066,0.065,0.065,0.064,0.064,0.063,0.063,0.062,0.062,0.062,0.061,0.061,0.060,0.060,0.059,0.059,0.059,0.058,0.058,0.057,0.057,0.057,0.056,0.056,0.055,0.055,0.055,0.054,0.054,0.054,0.053,0.053,0.052,0.052,0.052,0.051,0.051,0.051,0.050,0.050,0.050,0.049,0.049,0.049,0.048,0.048,0.048,0.047,0.047,0.047,0.047,0.046,0.046,0.046,0.045,0.045,0.045,0.045,0.044,0.044,0.044,0.043,0.043,0.043,0.043,0.042,0.042,0.042,0.042,0.041,0.041,0.041,0.041,0.040,0.040,0.040,0.040,0.039,0.039,0.039,0.039,0.038,0.038,0.038,0.038,0.038,0.037,0.037,0.037,0.037,0.036,0.036,0.036,0.036,0.036,0.035,0.035,0.035,0.035,0.035,0.034,0.034
50.000,50.003,50.046,50.338,51.835,58.165,80.271,139.358,252.752,411.934,587.532,752.928,896.356,1017.938,1122.781,1216.431,1303.155,1384.011,1455.279,1510.048,1542.304,1550.045,1535.498,1503.358,1458.806,1406.254,1348.913,1288.883,1227.449,1165.399,1103.250,1041.379,980.079,919.781,861.344,806.082,755.490,709.893,667.481,625.136,580.303,532.252,482.025,431.591,382.947,337.610,296.466,259.851,227.711,199.754,175.572,154.715,136.744,121.254,107.883,96.317,86.285,77.559,69.945,63.279,57.424,52.265,47.704,43.659,40.061,36.849,33.976,31.396,29.075,26.981,25.086,23.368,21.807,20.385,19.086,17.898,16.809,15.809,14.889,14.041,13.258,12.534,11.863,11.241,10.663,10.125,9.624,9.156,8.719,8.311,7.929,7.570,7.234,6.918,6.620,6.340,6.077,5.828,5.593,5.371,5.161,4.963,4.774,4.596,4.427,4.266,4.113,3.968,3.830,3.698,3.572,3.453,3.339,3.230,3.126,3.026,2.931,2.840,2.753,2.670,2.590,2.513,2.440,2.369,2.301,2.236,2.174,2.114,2.056,2.000,1.947,1.895,1.845,1.797,1.751,1.707,1.664,1.622,1.582,1.543,1.506,1.470,1.435,1.401,1.368,1.337,1.306,1.276,1.248,1.220,1.193,1.167,1.141,1.117,1.093,1.070,1.047,1.025,1.004,0.984,0.964,0.944,0.925,0.907,0.889,0.872,0.855,0.838,0.822,0.807,0.792,0.777,0.762,0.748,0.735,0.721,0.708,0.696,0.683,0.671,0.659,0.648,0.637,0.626,0.615,0.605,0.595,0.585,0.575,0.566,0.556,0.547,0.538,0.530,0.521,0.513,0.505,0.497,0.489,0.482,0.474,0.467,0.460,0.453,0.446,0.440,0.433,0.427,0.420,0.414,0.408,0.402,0.397,0.391,0.385,0.380,0.375,0.369,0.364,0.359,0.354,0.350,0.345,0.340,0.336,0.331,0.327,0.322,0.318,0.314,0.310,0.306,0.302,0.298,0.294,0.291,0.287,0.283,0.280,0.276,0.273,0.270,0.266,0.263,0.260,0.257,0.254,0.251,0.248,0.245,0.242,0.239,0.236,0.233,0.231,0.228,0.226,0.223,0.220,0.218,0.215,0.213,0.211,0.208,0.206,0.204,0.202,0.199,0.197,0.195,0.193,0.191,0.189,0.187,0.185,0.183,0.181,0.179,0.177,0.175,0.174,0.172,0.170,0.168,0.167,0.165,0.163,0.162,0.160,0.158,0.157,0.155,0.154,0.152,0.151,0.149,0.148,0.146,0.145,0.144,0.142,0.141,0.140,0.138,0.137,0.136,0.134,0.133,0.132,0.131,0.130,0.128,0.127,0.126,0.125,0.124,0.123,0.122,0.120,0.119,0.118,0.117,0.116,0.115,0.114,0.113,0.112,0.111,0.110,0.109,0.108,0.107,0.107,0.106,0.105,0.104,0.103,0.102,0.101,0.100,0.100,0.099,0.098,0.097,0.096,0.096,0.095,0.094,0.093,0.093,0.092,0.091,0.090,0.090,0.089,0.088,0.088,0.087,0.086,0.086,0.085,0.084,0.084,0.083,0.082,0.082,0.081,0.080,0.080,0.079,0.079,0.078,0.077,0.077,0.076,0.076,0.075,0.075,0.074,0.073,0.073,0.072,0.072,0.071,0.071,0.070,0.070,0.069,0.069,0.068,0.068,0.067,0.067,0.066,0.066,0.066,0.065,0.065,0.064,0.064,0.063,0.063,0.062,0.062,0.062,0.061,0.061,0.060,0.060,0.059,0.059,0.059,0.058,0.058,0.058,0.057,0.057,0.056,0.056,0.056,0.055,0.055,0.055,0.054,0.054,0.054,0.053,0.053,0.052,0.052,0.052,0.051,0.051,0.051,0.051,0.050,0.050,0.050,0.049,0.049,0.049,0.048,0.048,0.048,0.047,0.047,0.047,0.047,0.046,0.046,0.046,0.045,0.045,0.045,0.045,0.044,0.044,0.044,0.044,0.043,0.043,0.043,0.043,0.042,0.042,0.042,0.042,0.041,0.041,0.041,0.041,0.040,0.040,0.040,0.040,0.039,0.039,0.039,0.039,0.039
50.000,50.002,50.023,50.173,50.969,54.464,67.540,106.998,194.944,336.468,509.530,683.658,839.633,972.610,1085.960,1185.342,1275.742,1359.329,1433.786,1493.201,1531.560,1546.019,1537.789,1510.887,1470.280,1420.499,1365.029,1306.253,1245.685,1184.262,1122.592,1061.099,1000.102,939.999,881.523,825.814,774.240,727.371,684.043,641.727,597.947,551.546,502.963,453.695,405.534,360.001,318.112,280.373,246.884,217.480,191.839,169.572,150.272,133.553,119.058,106.473,95.523,85.972,77.617,70.288,63.839,58.147,53.108,48.633,44.647,41.087,37.899,35.034,32.455,30.126,28.019,26.106,24.367,22.782,21.335,20.011,18.796,17.680,16.654,15.707,14.833,14.024,13.274,12.579,11.933,11.332,10.772,10.249,9.761,9.304,8.876,8.475,8.099,7.746,7.413,7.100,6.805,6.526,6.264,6.015,5.780,5.558,5.347,5.148,4.958,4.778,4.607,4.444,4.290,4.142,4.002,3.868,3.740,3.618,3.502,3.390,3.284,3.182,3.084,2.991,2.901,2.816,2.733,2.654,2.578,2.505,2.435,2.368,2.303,2.241,2.181,2.123,2.067,2.014,1.962,1.912,1.864,1.817,1.772,1.729,1.687,1.647,1.608,1.570,1.533,1.498,1.463,1.430,1.398,1.367,1.336,1.307,1.279,1.251,1.224,1.199,1.173,1.149,1.125,1.102,1.080,1.058,1.037,1.016,0.996,0.977,0.958,0.939,0.921,0.904,0.887,0.870,0.854,0.838,0.823,0.808,0.794,0.779,0.766,0.752,0.739,0.726,0.714,0.701,0.689,0.678,0.666,0.655,0.644,0.634,0.623,0.613,0.603,0.594,0.584,0.575,0.566,0.557,0.548,0.540,0.531,0.523,0.515,0.508,0.500,0.493,0.485,0.478,0.471,0.464,0.457,0.451,0.444,0.438,0.432,0.426,0.420,0.414,0.408,0.403,0.397,0.392,0.386,0.381,0.376,0.371,0.366,0.361,0.357,0.352,0.347,0.343,0.338,0.334,0.330,0.326,0.322,0.318,0.314,0.310,0.306,0.302,0.298,0.295,0.291,0.288,0.284,0.281,0.277,0.274,0.271,0.268,0.265,0.262,0.259,0.256,0.253,0.250,0.247,0.244,0.241,0.239,0.236,0.233,0.231,0.228,0.226,0.223,0.221,0.219,0.216,0.214,0.212,0.209,0.207,0.205,0.203,0.201,0.199,0.197,0.194,0.192,0.191,0.189,0.187,0.185,0.183,0.181,0.179,0.177,0.176,0.174,0.172,0.171,0.169,0.167,0.166,0.164,0.162,0.161,0.159,0.158,0.156,0.155,0.153,0.152,0.151,0.149,0.148,0.146,0.145,0.144,0.142,0.141,0.140,0.139,0.137,0.136,0.135,0.134,0.133,0.131,0.130,0.129,0.128,0.127,0.126,0.125,0.124,0.123,0.121,0.120,0.119,0.118,0.117,0.116,0.115,0.114,0.114,0.113,0.112,0.111,0.110,0.109,0.108,0.107,0.106,0.105,0.105,0.104,0.103,0.102,0.101,0.100,0.100,0.099,0.098,0.097,0.097,0.096,0.095,0.094,0.094,0.093,0.092,0.091,0.091,0.090,0.089,0.089,0.088,0.087,0.087,0.086,0.085,0.085,0.084,0.084,0.083,0.082,0.082,0.081,0.081,0.080,0.079,0.079,0.078,0.078,0.077,0.077,0.076,0.075,0.075,0.074,0.074,0.073,0.073,0.072,0.072,0.071,0.071,0.070,0.070,0.069,0.069,0.068,0.068,0.068,0.067,0.067,0.066,0.066,0.065,0.065,0.064,0.064,0.064,0.063,0.063,0.062,0.062,0.062,0.061,0.061,0.060,0.060,0.060,0.059,0.059,0.058,0.058,0.058,0.057,0.057,0.057,0.056,0.056,0.056,0.055,0.055,0.055,0.054,0.054,0.054,0.053,0.053,0.053,0.052,0.052,0.052,0.051,0.051,0.051,0.050,0.050,0.050,0.049,0.049,0.049,0.049,0.048,0.048,0.048,0.047,0.047,0.047,0.047,0.046,0.046,0.046,0.046,0.045,0.045,0.045,0.044,0.044,0.044,0.044,0.043,0.043
