56.633,63.712,70.791,77.871,84.950,92.029,99.108,106.188,113.267,120.346,127.425,134.505,141.584,148.663,155.743,162.822,169.901,162.822,155.743,148.663,141.584,134.505,127.425,120.346,113.267,106.188,99.108,92.029,84.950,77.870,70.790,63.710,56.630,56.630,56.630,56.630,56.630,0.000,0.000,0.000,0.000,0.000,0.000,0.000,0.000,0.000,0.000,0.000,0.000,0.000,0.000,0.000,0.000,0.000,0.000,0.000,0.000,0.000,0.000,0.000,0.000,0.000,0.000,0.000,0.000,0.000,0.000,0.000,0.000,0.000,0.000,0.000,0.000,0.000,0.000,0.000,0.000,0.000,0.000,0.000,0.000,0.000,0.000,0.000,0.000,0.000,0.000,0.000,0.000,0.000,0.000,0.000,0.000,0.000,0.000,0.000,0.000,0.000,0.000,0.000,0.000,0.000,0.000,0.000,0.000,0.000,0.000,0.000,0.000,0.000,0.000,0.000,0.000,0.000,0.000,0.000,0.000,0.000,0.000,0.000,0.000,0.000,0.000,0.000,0.000,0.000,0.000,0.000,0.000,0.000,0.000,0.000,0.000,0.000,0.000,0.000,0.000,0.000,0.000,0.000,0.000,0.000,0.000,0.000,0.000,0.000,0.000,0.000,0.000,0.000,0.000,0.000,0.000,0.000,0.000,0.000,0.000,0.000,0.000,0.000,0.000,0.000,0.000,0.000,0.000,0.000,0.000,0.000,0.000,0.000,0.000,0.000,0.000,0.000,0.000,0.000,0.000,0.000,0.000,0.000,0.000,0.000,0.000,0.000,0.000,0.000,0.000,0.000,0.000,0.000,0.000,0.000,0.000,0.000,0.000,0.000,0.000,0.000,0.000,0.000,0.000,0.000,0.000,0.000,0.000,0.000,0.000,0.000,0.000,0.000,0.000,0.000,0.000,0.000,0.000,0.000,0.000,0.000,0.000,0.000,0.000,0.000,0.000,0.000,0.000,0.000,0.000,0.000,0.000,0.000,0.000,0.000,0.000,0.000,0.000,0.000,0.000,0.000,0.000,0.000,0.000,0.000,0.000,0.000,0.000,0.000,0.000,0.000,0.000,0.000,0.000,0.000,0.000,0.000,0.000,0.000,0.000,0.000,0.000,0.000,0.000,0.000,0.000,0.000,0.000,0.000,0.000,0.000,0.000,0.000,0.000,0.000,0.000,0.000,0.000,0.000,0.000,0.000,0.000,0.000,0.000,0.000,0.000,0.000,0.000,0.000,0.000,0.000,0.000,0.000,0.000,0.000,0.000,0.000,0.000,0.000,0.000,0.000,0.000,0.000,0.000,0.000,0.000,0.000,0.000,0.000,0.000,0.000,0.000,0.000,0.000,0.000,0.000,0.000,0.000,0.000,0.000,0.000,0.000,0.000,0.000,0.000,0.000,0.000,0.000,0.000,0.000,0.000,0.000,0.000,0.000,0.000,0.000,0.000,0.000,0.000,0.000,0.000,0.000,0.000,0.000,0.000,0.000,0.000,0.000,0.000,0.000,0.000,0.000,0.000,0.000,0.000,0.000,0.000,0.000,0.000,0.000,0.000,0.000,0.000,0.000,0.000,0.000,0.000,0.000,0.000,0.000,0.000,0.000,0.000,0.000,0.000,0.000,0.000,0.000,0.000,0.000,0.000,0.000,0.000,0.000,0.000,0.000,0.000,0.000,0.000,0.000,0.000,0.000,0.000,0.000,0.000,0.000,0.000,0.000,0.000,0.000,0.000,0.000,0.000,0.000,0.000,0.000,0.000,0.000,0.000,0.000,0.000,0.000,0.000,0.000,0.000,0.000,0.000,0.000,0.000,0.000,0.000,0.000,0.000,0.000,0.000,0.000,0.000,0.000,0.000,0.000,0.000,0.000,0.000,0.000,0.000,0.000,0.000,0.000,0.000,0.000,0.000,0.000,0.000,0.000,0.000,0.000,0.000,0.000,0.000,0.000,0.000,0.000,0.000,0.000,0.000,0.000,0.000,0.000,0.000,0.000,0.000,0.000,0.000,0.000,0.000,0.000,0.000,0.000,0.000,0.000,0.000,0.000,0.000,0.000,0.000,0.000,0.000,0.000,0.000,0.000,0.000,0.000,0.000
50.000,53.483,57.998,63.319,69.260,75.668,82.418,89.413,96.575,103.849,111.193,118.576,125.976,133.382,140.782,148.171,155.548,158.017,157.248,154.364,150.108,144.966,139.253,133.175,126.865,120.411,113.871,107.283,100.676,94.069,87.476,80.911,74.386,69.682,66.261,63.758,61.916,48.867,39.316,32.156,26.675,22.403,19.021,16.305,14.097,12.283,10.776,9.514,8.447,7.540,6.762,6.091,5.509,5.002,4.557,4.165,3.819,3.511,3.237,2.992,2.771,2.573,2.394,2.232,2.084,1.950,1.828,1.716,1.613,1.519,1.432,1.352,1.278,1.210,1.146,1.087,1.033,0.982,0.934,0.890,0.848,0.809,0.773,0.739,0.707,0.677,0.648,0.621,0.596,0.572,0.550,0.528,0.508,0.489,0.471,0.454,0.437,0.422,0.407,0.393,0.380,0.367,0.355,0.343,0.332,0.321,0.311,0.302,0.292,0.283,0.275,0.267,0.259,0.251,0.244,0.237,0.231,0.224,0.218,0.212,0.206,0.201,0.196,0.191,0.186,0.181,0.176,0.172,0.168,0.164,0.160,0.156,0.152,0.149,0.145,0.142,0.138,0.135,0.132,0.129,0.126,0.124,0.121,0.118,0.116,0.113,0.111,0.109,0.106,0.104,0.102,0.100,0.098,0.096,0.094,0.092,0.091,0.089,0.087,0.086,0.084,0.082,0.081,0.079,0.078,0.076,0.075,0.074,0.072,0.071,0.070,0.069,0.068,0.066,0.065,0.064,0.063,0.062,0.061,0.060,0.059,0.058,0.057,0.056,0.055,0.054,0.054,0.053,0.052,0.051,0.050,0.050,0.049,0.048,0.047,0.047,0.046,0.045,0.045,0.044,0.043,0.043,0.042,0.041,0.041,0.040,0.040,0.039,0.039,0.038,0.038,0.037,0.037,0.036,0.036,0.035,0.035,0.034,0.034,0.033,0.033,0.032,0.032,0.032,0.031,0.031,0.030,0.030,0.030,0.029,0.029,0.029,0.028,0.028,0.028,0.027,0.027,0.027,0.026,0.026,0.026,0.025,0.025,0.025,0.024,0.024,0.024,0.024,0.023,0.023,0.023,0.023,0.022,0.022,0.022,0.022,0.021,0.021,0.021,0.021,0.020,0.020,0.020,0.020,0.020,0.019,0.019,0.019,0.019,0.019,0.018,0.018,0.018,0.018,0.018,0.018,0.017,0.017,0.017,0.017,0.017,0.016,0.016,0.016,0.016,0.016,0.016,0.016,0.015,0.015,0.015,0.015,0.015,0.015,0.015,0.014,0.014,0.014,0.014,0.014,0.014,0.014,0.014,0.013,0.013,0.013,0.013,0.013,0.013,0.013,0.013,0.012,0.012,0.012,0.012,0.012,0.012,0.012,0.012,0.012,0.012,0.011,0.011,0.011,0.011,0.011,0.011,0.011,0.011,0.011,0.011,0.010,0.010,0.010,0.010,0.010,0.010,0.010,0.010,0.010,0.010,0.010,0.010,0.010,0.009,0.009,0.009,0.009,0.009,0.009,0.009,0.009,0.009,0.009,0.009,0.009,0.009,0.009,0.008,0.008,0.008,0.008,0.008,0.008,0.008,0.008,0.008,0.008,0.008,0.008,0.008,0.008,0.008,0.008,0.008,0.007,0.007,0.007,0.007,0.007,0.007,0.007,0.007,0.007,0.007,0.007,0.007,0.007,0.007,0.007,0.007,0.007,0.007,0.007,0.007,0.006,0.006,0.006,0.006,0.006,0.006,0.006,0.006,0.006,0.006,0.006,0.006,0.006,0.006,0.006,0.006,0.006,0.006,0.006,0.006,0.006,0.006,0.006,0.006,0.006,0.006,0.005,0.005,0.005,0.005,0.005,0.005,0.005,0.005,0.005,0.005,0.005,0.005,0.005,0.005,0.005,0.005,0.005,0.005,0.005,0.005,0.005,0.005,0.005,0.005,0.005,0.005,0.005,0.005,0.005,0.005,0.005,0.005,0.004,0.004,0.004,0.004,0.004,0.004,0.004,0.004,0.004,0.004,0.004,0.004,0.004,0.004,0.004,0.004,0.004,0.004,0.004,0.004,0.004,0.004,0.004,0.004,0.004,0.004,0.004
50.000,50.860,52.650,55.376,59.001,63.452,68.637,74.450,80.782,87.529,94.595,101.898,109.367,116.947,124.594,132.276,139.968,145.990,149.763,151.306,150.905,148.928,145.729,141.614,136.829,131.564,125.963,120.131,114.148,108.073,101.951,95.814,89.690,84.078,79.165,74.978,71.473,65.632,59.106,52.699,46.772,41.454,36.761,32.656,29.080,25.970,23.263,20.905,18.845,17.041,15.457,14.061,12.828,11.736,10.764,9.897,9.122,8.427,7.802,7.238,6.728,6.266,5.846,5.464,5.115,4.796,4.504,4.236,3.989,3.761,3.551,3.357,3.177,3.011,2.856,2.711,2.577,2.452,2.335,2.226,2.123,2.027,1.937,1.852,1.773,1.698,1.627,1.561,1.498,1.438,1.382,1.329,1.279,1.231,1.186,1.143,1.102,1.063,1.026,0.990,0.957,0.925,0.894,0.865,0.837,0.811,0.785,0.761,0.738,0.715,0.694,0.673,0.654,0.635,0.617,0.599,0.583,0.566,0.551,0.536,0.522,0.508,0.495,0.482,0.469,0.457,0.446,0.435,0.424,0.414,0.404,0.394,0.385,0.376,0.367,0.358,0.350,0.342,0.335,0.327,0.320,0.313,0.306,0.299,0.293,0.287,0.281,0.275,0.269,0.264,0.258,0.253,0.248,0.243,0.238,0.234,0.229,0.225,0.221,0.216,0.212,0.208,0.204,0.201,0.197,0.193,0.190,0.187,0.183,0.180,0.177,0.174,0.171,0.168,0.165,0.162,0.160,0.157,0.154,0.152,0.149,0.147,0.144,0.142,0.140,0.138,0.135,0.133,0.131,0.129,0.127,0.125,0.123,0.122,0.120,0.118,0.116,0.115,0.113,0.111,0.110,0.108,0.106,0.105,0.103,0.102,0.101,0.099,0.098,0.096,0.095,0.094,0.093,0.091,0.090,0.089,0.088,0.087,0.085,0.084,0.083,0.082,0.081,0.080,0.079,0.078,0.077,0.076,0.075,0.074,0.073,0.072,0.071,0.071,0.070,0.069,0.068,0.067,0.066,0.066,0.065,0.064,0.063,0.063,0.062,0.061,0.061,0.060,0.059,0.059,0.058,0.057,0.057,0.056,0.055,0.055,0.054,0.054,0.053,0.052,0.052,0.051,0.051,0.050,0.050,0.049,0.049,0.048,0.048,0.047,0.047,0.046,0.046,0.045,0.045,0.044,0.044,0.043,0.043,0.043,0.042,0.042,0.041,0.041,0.040,0.040,0.040,0.039,0.039,0.039,0.038,0.038,0.037,0.037,0.037,0.036,0.036,0.036,0.035,0.035,0.035,0.034,0.034,0.034,0.034,0.033,0.033,0.033,0.032,0.032,0.032,0.032,0.031,0.031,0.031,0.030,0.030,0.030,0.030,0.029,0.029,0.029,0.029,0.028,0.028,0.028,0.028,0.027,0.027,0.027,0.027,0.027,0.026,0.026,0.026,0.026,0.025,0.025,0.025,0.025,0.025,0.024,0.024,0.024,0.024,0.024,0.024,0.023,0.023,0.023,0.023,0.023,0.022,0.022,0.022,0.022,0.022,0.022,0.021,0.021,0.021,0.021,0.021,0.021,0.020,0.020,0.020,0.020,0.020,0.020,0.020,0.019,0.019,0.019,0.019,0.019,0.019,0.019,0.018,0.018,0.018,0.018,0.018,0.018,0.018,0.018,0.017,0.017,0.017,0.017,0.017,0.017,0.017,0.017,0.017,0.016,0.016,0.016,0.016,0.016,0.016,0.016,0.016,0.016,0.015,0.015,0.015,0.015,0.015,0.015,0.015,0.015,0.015,0.015,0.014,0.014,0.014,0.014,0.014,0.014,0.014,0.014,0.014,0.014,0.014,0.013,0.013,0.013,0.013,0.013,0.013,0.013,0.013,0.013,0.013,0.013,0.013,0.013,0.012,0.012,0.012,0.012,0.012,0.012,0.012,0.012,0.012,0.012,0.012,0.012,0.012,0.012,0.011,0.011,0.011,0.011,0.011,0.011,0.011,0.011,0.011,0.011,0.011,0.011,0.011,0.011,0.011,0.010,0.010,0.010,0.010,0.010,0.010,0.010,0.010,0.010,0.010,0.010,0.010,0.010
50.000,50.211,50.812,51.948,53.727,56.219,59.463,63.459,68.179,73.570,79.558,86.060,92.988,100.253,107.776,115.486,123.322,130.682,136.945,141.694,144.752,146.140,146.003,144.553,142.015,138.608,134.522,129.920,124.934,119.672,114.216,108.635,102.981,97.432,92.156,87.272,82.846,78.116,73.011,67.695,62.369,57.199,52.297,47.729,43.524,39.688,36.208,33.064,30.231,27.680,25.386,23.321,21.462,19.786,18.275,16.908,15.672,14.550,13.532,12.606,11.762,10.992,10.288,9.642,9.050,8.506,8.005,7.543,7.117,6.722,6.357,6.018,5.704,5.411,5.139,4.885,4.647,4.426,4.218,4.024,3.842,3.671,3.510,3.359,3.217,3.082,2.956,2.836,2.723,2.616,2.515,2.419,2.329,2.242,2.161,2.083,2.009,1.939,1.872,1.808,1.747,1.689,1.634,1.581,1.530,1.482,1.435,1.391,1.349,1.308,1.269,1.232,1.196,1.162,1.129,1.097,1.066,1.037,1.009,0.982,0.955,0.930,0.906,0.882,0.860,0.838,0.817,0.797,0.777,0.758,0.740,0.722,0.705,0.689,0.673,0.657,0.642,0.627,0.613,0.600,0.587,0.574,0.561,0.549,0.538,0.526,0.515,0.504,0.494,0.484,0.474,0.465,0.455,0.446,0.438,0.429,0.421,0.413,0.405,0.397,0.390,0.382,0.375,0.368,0.362,0.355,0.349,0.343,0.336,0.331,0.325,0.319,0.314,0.308,0.303,0.298,0.293,0.288,0.283,0.279,0.274,0.270,0.265,0.261,0.257,0.253,0.249,0.245,0.241,0.237,0.234,0.230,0.227,0.223,0.220,0.217,0.213,0.210,0.207,0.204,0.201,0.198,0.195,0.193,0.190,0.187,0.185,0.182,0.180,0.177,0.175,0.172,0.170,0.168,0.165,0.163,0.161,0.159,0.157,0.155,0.153,0.151,0.149,0.147,0.145,0.143,0.141,0.140,0.138,0.136,0.135,0.133,0.131,0.130,0.128,0.127,0.125,0.124,0.122,0.121,0.119,0.118,0.116,0.115,0.114,0.112,0.111,0.110,0.109,0.107,0.106,0.105,0.104,0.103,0.102,0.100,0.099,0.098,0.097,0.096,0.095,0.094,0.093,0.092,0.091,0.090,0.089,0.088,0.087,0.087,0.086,0.085,0.084,0.083,0.082,0.081,0.081,0.080,0.079,0.078,0.077,0.077,0.076,0.075,0.074,0.074,0.073,0.072,0.072,0.071,0.070,0.070,0.069,0.068,0.068,0.067,0.066,0.066,0.065,0.064,0.064,0.063,0.063,0.062,0.062,0.061,0.060,0.060,0.059,0.059,0.058,0.058,0.057,0.057,0.056,0.056,0.055,0.055,0.054,0.054,0.053,0.053,0.053,0.052,0.052,0.051,0.051,0.050,0.050,0.050,0.049,0.049,0.048,0.048,0.048,0.047,0.047,0.046,0.046,0.046,0.045,0.045,0.045,0.044,0.044,0.044,0.043,0.043,0.043,0.042,0.042,0.042,0.041,0.041,0.041,0.040,0.040,0.040,0.039,0.039,0.039,0.038,0.038,0.038,0.038,0.037,0.037,0.037,0.037,0.036,0.036,0.036,0.035,0.035,0.035,0.035,0.034,0.034,0.034,0.034,0.033,0.033,0.033,0.033,0.033,0.032,0.032,0.032,0.032,0.031,0.031,0.031,0.031,0.031,0.030,0.030,0.030,0.030,0.030,0.029,0.029,0.029,0.029,0.029,0.028,0.028,0.028,0.028,0.028,0.027,0.027,0.027,0.027,0.027,0.027,0.026,0.026,0.026,0.026,0.026,0.026,0.025,0.025,0.025,0.025,0.025,0.025,0.024,0.024,0.024,0.024,0.024,0.024,0.024,0.023,0.023,0.023,0.023,0.023,0.023,0.023,0.022,0.022,0.022,0.022,0.022,0.022,0.022,0.022,0.021,0.021,0.021,0.021,0.021,0.021,0.021,0.021,0.020,0.020,0.020,0.020,0.020,0.020,0.020,0.020,0.019,0.019,0.019,0.019,0.019,0.019,0.019,0.019,0.019,0.019,0.018,0.018,0.018,0.018,0.018
50.000,50.052,50.238,50.659,51.418,52.618,54.349,56.688,59.689,63.385,67.780,72.855,78.566,84.852,91.638,98.842,106.383,114.003,121.311,127.887,133.381,137.565,140.343,141.731,141.825,140.769,138.728,135.870,132.350,128.307,123.860,119.111,114.143,109.065,103.998,99.056,94.335,89.682,84.979,80.191,75.351,70.526,65.788,61.202,56.821,52.678,48.794,45.177,41.827,38.735,35.890,33.278,30.883,28.689,26.680,24.839,23.153,21.608,20.190,18.889,17.693,16.594,15.581,14.648,13.787,12.991,12.254,11.573,10.940,10.353,9.807,9.300,8.827,8.386,7.974,7.589,7.228,6.891,6.574,6.277,5.998,5.736,5.489,5.256,5.037,4.830,4.634,4.449,4.274,4.109,3.952,3.803,3.662,3.528,3.400,3.279,3.164,3.054,2.950,2.850,2.755,2.664,2.577,2.495,2.415,2.340,2.267,2.198,2.131,2.067,2.006,1.947,1.891,1.837,1.785,1.735,1.687,1.641,1.596,1.553,1.512,1.472,1.434,1.397,1.362,1.327,1.294,1.262,1.231,1.201,1.172,1.144,1.117,1.091,1.066,1.041,1.018,0.995,0.972,0.951,0.930,0.910,0.890,0.871,0.852,0.834,0.817,0.800,0.784,0.768,0.752,0.737,0.722,0.708,0.694,0.681,0.667,0.655,0.642,0.630,0.618,0.607,0.596,0.585,0.574,0.564,0.553,0.544,0.534,0.525,0.515,0.506,0.498,0.489,0.481,0.473,0.465,0.457,0.450,0.442,0.435,0.428,0.421,0.414,0.408,0.401,0.395,0.389,0.383,0.377,0.371,0.365,0.360,0.354,0.349,0.344,0.339,0.334,0.329,0.324,0.319,0.315,0.310,0.306,0.302,0.297,0.293,0.289,0.285,0.281,0.277,0.274,0.270,0.266,0.263,0.259,0.256,0.252,0.249,0.246,0.243,0.240,0.236,0.233,0.230,0.228,0.225,0.222,0.219,0.216,0.214,0.211,0.209,0.206,0.204,0.201,0.199,0.196,0.194,0.192,0.189,0.187,0.185,0.183,0.181,0.179,0.177,0.175,0.173,0.171,0.169,0.167,0.165,0.163,0.161,0.160,0.158,0.156,0.154,0.153,0.151,0.150,0.148,0.146,0.145,0.143,0.142,0.140,0.139,0.137,0.136,0.135,0.133,0.132,0.131,0.129,0.128,0.127,0.125,0.124,0.123,0.122,0.120,0.119,0.118,0.117,0.116,0.115,0.114,0.113,0.111,0.110,0.109,0.108,0.107,0.106,0.105,0.104,0.103,0.102,0.101,0.101,0.100,0.099,0.098,0.097,0.096,0.095,0.094,0.094,0.093,0.092,0.091,0.090,0.089,0.089,0.088,0.087,0.086,0.086,0.085,0.084,0.084,0.083,0.082,0.081,0.081,0.080,0.079,0.079,0.078,0.077,0.077,0.076,0.076,0.075,0.074,0.074,0.073,0.073,0.072,0.071,0.071,0.070,0.070,0.069,0.069,0.068,0.068,0.067,0.066,0.066,0.065,0.065,0.064,0.064,0.063,0.063,0.063,0.062,0.062,0.061,0.061,0.060,0.060,0.059,0.059,0.058,0.058,0.058,0.057,0.057,0.056,0.056,0.056,0.055,0.055,0.054,0.054,0.054,0.053,0.053,0.052,0.052,0.052,0.051,0.051,0.051,0.050,0.050,0.050,0.049,0.049,0.049,0.048,0.048,0.048,0.047,0.047,0.047,0.046,0.046,0.046,0.045,0.045,0.045,0.044,0.044,0.044,0.044,0.043,0.043,0.043,0.042,0.042,0.042,0.042,0.041,0.041,0.041,0.041,0.040,0.040,0.040,0.040,0.039,0.039,0.039,0.039,0.038,0.038,0.038,0.038,0.037,0.037,0.037,0.037,0.037,0.036,0.036,0.036,0.036,0.035,0.035,0.035,0.035,0.035,0.034,0.034,0.034,0.034,0.034,0.033,0.033,0.033,0.033,0.033,0.032,0.032,0.032,0.032,0.032,0.031,0.031,0.031,0.031,0.031,0.031,0.030,0.030,0.030,0.030,0.030,0.030,0.029,0.029,0.029,0.029,0.029,0.029
50.000,50.013,50.068,50.212,50.509,51.029,51.854,53.065,54.743,56.964,59.788,63.262,67.412,72.239,77.724,83.823,90.477,97.559,104.845,112.034,118.793,124.807,129.830,133.703,136.356,137.800,138.104,137.375,135.743,133.341,130.301,126.743,122.774,118.501,114.032,109.472,104.920,100.396,95.882,91.354,86.807,82.258,77.736,73.280,68.928,64.717,60.674,56.821,53.171,49.732,46.505,43.487,40.674,38.056,35.625,33.369,31.277,29.339,27.543,25.879,24.338,22.909,21.583,20.354,19.212,18.151,17.164,16.246,15.391,14.594,13.850,13.155,12.506,11.899,11.330,10.797,10.296,9.827,9.386,8.971,8.580,8.212,7.865,7.537,7.228,6.936,6.659,6.398,6.150,5.915,5.692,5.480,5.279,5.088,4.907,4.734,4.569,4.412,4.263,4.120,3.984,3.854,3.729,3.610,3.497,3.388,3.284,3.184,3.088,2.996,2.908,2.824,2.742,2.665,2.590,2.517,2.448,2.381,2.317,2.255,2.196,2.138,2.083,2.030,1.978,1.928,1.880,1.834,1.789,1.746,1.704,1.664,1.624,1.587,1.550,1.514,1.480,1.447,1.414,1.383,1.353,1.323,1.295,1.267,1.240,1.214,1.189,1.164,1.141,1.117,1.095,1.073,1.051,1.031,1.011,0.991,0.972,0.953,0.935,0.917,0.900,0.884,0.867,0.851,0.836,0.821,0.806,0.792,0.778,0.764,0.751,0.738,0.725,0.713,0.701,0.689,0.677,0.666,0.655,0.644,0.634,0.624,0.613,0.604,0.594,0.585,0.575,0.567,0.558,0.549,0.541,0.532,0.524,0.517,0.509,0.501,0.494,0.487,0.479,0.472,0.466,0.459,0.452,0.446,0.440,0.434,0.427,0.422,0.416,0.410,0.404,0.399,0.393,0.388,0.383,0.378,0.373,0.368,0.363,0.358,0.354,0.349,0.345,0.340,0.336,0.332,0.328,0.323,0.319,0.316,0.312,0.308,0.304,0.300,0.297,0.293,0.290,0.286,0.283,0.279,0.276,0.273,0.270,0.267,0.264,0.261,0.258,0.255,0.252,0.249,0.246,0.243,0.241,0.238,0.235,0.233,0.230,0.228,0.225,0.223,0.220,0.218,0.216,0.213,0.211,0.209,0.207,0.205,0.202,0.200,0.198,0.196,0.194,0.192,0.190,0.188,0.187,0.185,0.183,0.181,0.179,0.177,0.176,0.174,0.172,0.171,0.169,0.167,0.166,0.164,0.163,0.161,0.159,0.158,0.156,0.155,0.154,0.152,0.151,0.149,0.148,0.147,0.145,0.144,0.143,0.141,0.140,0.139,0.138,0.136,0.135,0.134,0.133,0.132,0.131,0.129,0.128,0.127,0.126,0.125,0.124,0.123,0.122,0.121,0.120,0.119,0.118,0.117,0.116,0.115,0.114,0.113,0.112,0.111,0.110,0.109,0.108,0.108,0.107,0.106,0.105,0.104,0.103,0.102,0.102,0.101,0.100,0.099,0.099,0.098,0.097,0.096,0.095,0.095,0.094,0.093,0.093,0.092,0.091,0.091,0.090,0.089,0.088,0.088,0.087,0.087,0.086,0.085,0.085,0.084,0.083,0.083,0.082,0.082,0.081,0.080,0.080,0.079,0.079,0.078,0.078,0.077,0.076,0.076,0.075,0.075,0.074,0.074,0.073,0.073,0.072,0.072,0.071,0.071,0.070,0.070,0.069,0.069,0.068,0.068,0.068,0.067,0.067,0.066,0.066,0.065,0.065,0.064,0.064,0.064,0.063,0.063,0.062,0.062,0.062,0.061,0.061,0.060,0.060,0.060,0.059,0.059,0.058,0.058,0.058,0.057,0.057,0.057,0.056,0.056,0.056,0.055,0.055,0.055,0.054,0.054,0.054,0.053,0.053,0.053,0.052,0.052,0.052,0.051,0.051,0.051,0.050,0.050,0.050,0.050,0.049,0.049,0.049,0.048,0.048,0.048,0.048,0.047,0.047,0.047,0.046,0.046,0.046,0.046,0.045,0.045,0.045,0.045,0.044,0.044,0.044,0.044,0.043,0.043,0.043,0.043,0.042,0.042,0.042,0.042
50.000,50.003,50.019,50.066,50.175,50.384,50.746,51.319,52.171,53.374,55.001,57.124,59.809,63.110,67.064,71.691,76.986,82.908,89.355,96.153,103.063,109.808,116.106,121.704,126.407,130.087,132.687,134.210,134.708,134.265,132.984,130.977,128.357,125.231,121.710,117.899,113.897,109.780,105.590,101.349,97.073,92.775,88.475,84.195,79.962,75.805,71.748,67.815,64.026,60.394,56.930,53.641,50.527,47.589,44.824,42.227,39.792,37.511,35.377,33.382,31.518,29.776,28.149,26.629,25.209,23.882,22.641,21.481,20.395,19.378,18.425,17.532,16.695,15.909,15.170,14.476,13.823,13.209,12.630,12.084,11.570,11.084,10.625,10.191,9.780,9.392,9.024,8.675,8.344,8.030,7.732,7.449,7.179,6.923,6.679,6.446,6.225,6.013,5.812,5.619,5.435,5.259,5.091,4.931,4.777,4.629,4.488,4.353,4.223,4.098,3.979,3.864,3.753,3.647,3.546,3.448,3.353,3.262,3.175,3.091,3.009,2.931,2.856,2.783,2.713,2.645,2.579,2.516,2.455,2.396,2.338,2.283,2.230,2.178,2.128,2.079,2.032,1.987,1.942,1.900,1.858,1.818,1.779,1.741,1.704,1.668,1.634,1.600,1.567,1.535,1.504,1.474,1.445,1.417,1.389,1.362,1.336,1.310,1.286,1.261,1.238,1.215,1.193,1.171,1.149,1.129,1.109,1.089,1.070,1.051,1.033,1.015,0.997,0.980,0.964,0.948,0.932,0.916,0.901,0.886,0.872,0.858,0.844,0.831,0.817,0.804,0.792,0.779,0.767,0.756,0.744,0.733,0.722,0.711,0.700,0.690,0.680,0.670,0.660,0.650,0.641,0.632,0.623,0.614,0.605,0.597,0.588,0.580,0.572,0.564,0.557,0.549,0.542,0.534,0.527,0.520,0.513,0.507,0.500,0.493,0.487,0.481,0.475,0.469,0.463,0.457,0.451,0.445,0.440,0.434,0.429,0.424,0.419,0.413,0.408,0.404,0.399,0.394,0.389,0.385,0.380,0.376,0.371,0.367,0.363,0.359,0.355,0.351,0.347,0.343,0.339,0.335,0.331,0.328,0.324,0.320,0.317,0.314,0.310,0.307,0.303,0.300,0.297,0.294,0.291,0.288,0.285,0.282,0.279,0.276,0.273,0.270,0.267,0.265,0.262,0.259,0.257,0.254,0.252,0.249,0.247,0.244,0.242,0.240,0.237,0.235,0.233,0.230,0.228,0.226,0.224,0.222,0.220,0.218,0.216,0.213,0.212,0.210,0.208,0.206,0.204,0.202,0.200,0.198,0.196,0.195,0.193,0.191,0.190,0.188,0.186,0.185,0.183,0.181,0.180,0.178,0.177,0.175,0.174,0.172,0.171,0.169,0.168,0.166,0.165,0.164,0.162,0.161,0.159,0.158,0.157,0.156,0.154,0.153,0.152,0.151,0.149,0.148,0.147,0.146,0.145,0.143,0.142,0.141,0.140,0.139,0.138,0.137,0.136,0.135,0.134,0.133,0.132,0.130,0.129,0.129,0.128,0.127,0.126,0.125,0.124,0.123,0.122,0.121,0.120,0.119,0.118,0.117,0.117,0.116,0.115,0.114,0.113,0.112,0.112,0.111,0.110,0.109,0.108,0.108,0.107,0.106,0.105,0.105,0.104,0.103,0.102,0.102,0.101,0.100,0.100,0.099,0.098,0.098,0.097,0.096,0.096,0.095,0.094,0.094,0.093,0.092,0.092,0.091,0.091,0.090,0.089,0.089,0.088,0.088,0.087,0.086,0.086,0.085,0.085,0.084,0.084,0.083,0.083,0.082,0.082,0.081,0.081,0.080,0.080,0.079,0.079,0.078,0.078,0.077,0.077,0.076,0.076,0.075,0.075,0.074,0.074,0.073,0.073,0.072,0.072,0.072,0.071,0.071,0.070,0.070,0.069,0.069,0.069,0.068,0.068,0.067,0.067,0.067,0.066,0.066,0.065,0.065,0.065,0.064,0.064,0.064,0.063,0.063,0.062,0.062,0.062,0.061,0.061,0.061,0.060,0.060,0.060,0.059,0.059,0.059,0.058,0.058,0.058,0.057
50.000,50.001,50.005,50.020,50.058,50.138,50.287,50.540,50.942,51.544,52.405,53.591,55.169,57.210,59.780,62.939,66.733,71.188,76.294,81.991,88.158,94.616,101.139,107.479,113.393,118.667,123.134,126.687,129.270,130.882,131.561,131.373,130.403,128.747,126.507,123.785,120.682,117.289,113.682,109.917,106.038,102.077,98.063,94.021,89.978,85.958,81.984,78.081,74.268,70.563,66.980,63.531,60.225,57.066,54.057,51.198,48.489,45.926,43.506,41.222,39.071,37.046,35.140,33.348,31.662,30.078,28.589,27.189,25.872,24.634,23.469,22.373,21.341,20.369,19.453,18.590,17.775,17.006,16.280,15.594,14.946,14.332,13.752,13.202,12.681,12.187,11.718,11.273,10.851,10.449,10.067,9.704,9.358,9.028,8.714,8.415,8.129,7.857,7.596,7.347,7.109,6.882,6.664,6.456,6.256,6.065,5.882,5.706,5.537,5.375,5.219,5.070,4.926,4.788,4.655,4.527,4.404,4.286,4.172,4.062,3.956,3.853,3.755,3.659,3.567,3.479,3.393,3.310,3.230,3.152,3.078,3.005,2.935,2.867,2.801,2.738,2.676,2.616,2.558,2.502,2.448,2.395,2.344,2.294,2.245,2.199,2.153,2.109,2.066,2.024,1.983,1.944,1.905,1.868,1.831,1.796,1.762,1.728,1.695,1.664,1.633,1.602,1.573,1.544,1.516,1.489,1.462,1.437,1.411,1.387,1.363,1.339,1.316,1.294,1.272,1.250,1.230,1.209,1.189,1.170,1.151,1.132,1.114,1.096,1.079,1.062,1.045,1.029,1.013,0.997,0.982,0.967,0.953,0.938,0.924,0.911,0.897,0.884,0.871,0.859,0.846,0.834,0.822,0.810,0.799,0.788,0.777,0.766,0.756,0.745,0.735,0.725,0.715,0.706,0.696,0.687,0.678,0.669,0.660,0.652,0.643,0.635,0.627,0.619,0.611,0.603,0.596,0.588,0.581,0.574,0.567,0.560,0.553,0.546,0.540,0.533,0.527,0.520,0.514,0.508,0.502,0.496,0.491,0.485,0.479,0.474,0.468,0.463,0.458,0.453,0.448,0.443,0.438,0.433,0.428,0.423,0.419,0.414,0.410,0.405,0.401,0.397,0.392,0.388,0.384,0.380,0.376,0.372,0.368,0.365,0.361,0.357,0.353,0.350,0.346,0.343,0.339,0.336,0.333,0.329,0.326,0.323,0.320,0.317,0.313,0.310,0.307,0.304,0.301,0.299,0.296,0.293,0.290,0.287,0.285,0.282,0.279,0.277,0.274,0.272,0.269,0.267,0.264,0.262,0.260,0.257,0.255,0.253,0.250,0.248,0.246,0.244,0.242,0.240,0.238,0.235,0.233,0.231,0.229,0.227,0.225,0.224,0.222,0.220,0.218,0.216,0.214,0.212,0.211,0.209,0.207,0.206,0.204,0.202,0.201,0.199,0.197,0.196,0.194,0.193,0.191,0.189,0.188,0.186,0.185,0.184,0.182,0.181,0.179,0.178,0.176,0.175,0.174,0.172,0.171,0.170,0.169,0.167,0.166,0.165,0.163,0.162,0.161,0.160,0.159,0.157,0.156,0.155,0.154,0.153,0.152,0.151,0.150,0.148,0.147,0.146,0.145,0.144,0.143,0.142,0.141,0.140,0.139,0.138,0.137,0.136,0.135,0.134,0.133,0.133,0.132,0.131,0.130,0.129,0.128,0.127,0.126,0.125,0.125,0.124,0.123,0.122,0.121,0.120,0.120,0.119,0.118,0.117,0.117,0.116,0.115,0.114,0.114,0.113,0.112,0.111,0.111,0.110,0.109,0.109,0.108,0.107,0.106,0.106,0.105,0.104,0.104,0.103,0.102,0.102,0.101,0.101,0.100,0.099,0.099,0.098,0.098,0.097,0.096,0.096,0.095,0.095,0.094,0.093,0.093,0.092,0.092,0.091,0.091,0.090,0.090,0.089,0.089,0.088,0.088,0.087,0.087,0.086,0.086,0.085,0.085,0.084,0.084,0.083,0.083,0.082,0.082,0.081,0.081,0.080,0.080,0.079,0.079,0.078,0.078,0.078,0.077,0.077,0.076,0.076
50.000,50.000,50.001,50.006,50.019,50.048,50.106,50.213,50.391,50.675,51.102,51.718,52.579,53.743,55.276,57.245,59.718,62.756,66.405,70.687,75.583,81.022,86.884,92.996,99.152,105.130,110.718,115.728,120.013,123.475,126.062,127.765,128.612,128.655,127.968,126.634,124.746,122.394,119.665,116.635,113.369,109.920,106.334,102.649,98.898,95.112,91.317,87.539,83.801,80.122,76.521,73.012,69.607,66.318,63.150,60.108,57.197,54.417,51.767,49.246,46.851,44.579,42.426,40.388,38.460,36.636,34.912,33.282,31.743,30.289,28.914,27.616,26.389,25.229,24.132,23.095,22.114,21.185,20.306,19.473,18.684,17.935,17.226,16.552,15.913,15.306,14.729,14.180,13.658,13.162,12.689,12.238,11.809,11.399,11.008,10.635,10.279,9.939,9.614,9.303,9.005,8.720,8.447,8.186,7.935,7.695,7.465,7.244,7.031,6.827,6.632,6.443,6.262,6.088,5.920,5.759,5.603,5.454,5.309,5.170,5.036,4.907,4.782,4.661,4.545,4.432,4.324,4.219,4.117,4.019,3.924,3.832,3.743,3.657,3.573,3.492,3.414,3.338,3.265,3.193,3.124,3.057,2.991,2.928,2.867,2.807,2.749,2.693,2.638,2.585,2.533,2.483,2.434,2.386,2.340,2.295,2.251,2.208,2.166,2.126,2.086,2.048,2.010,1.974,1.938,1.903,1.869,1.836,1.804,1.773,1.742,1.712,1.683,1.654,1.626,1.599,1.572,1.546,1.521,1.496,1.472,1.448,1.425,1.402,1.380,1.358,1.337,1.316,1.296,1.276,1.256,1.237,1.219,1.200,1.183,1.165,1.148,1.131,1.115,1.098,1.083,1.067,1.052,1.037,1.022,1.008,0.994,0.980,0.967,0.954,0.941,0.928,0.915,0.903,0.891,0.879,0.868,0.856,0.845,0.834,0.823,0.813,0.802,0.792,0.782,0.772,0.762,0.753,0.744,0.734,0.725,0.716,0.708,0.699,0.691,0.682,0.674,0.666,0.658,0.651,0.643,0.635,0.628,0.621,0.614,0.607,0.600,0.593,0.586,0.580,0.573,0.567,0.560,0.554,0.548,0.542,0.536,0.530,0.524,0.519,0.513,0.508,0.502,0.497,0.492,0.487,0.482,0.477,0.472,0.467,0.462,0.457,0.452,0.448,0.443,0.439,0.434,0.430,0.426,0.422,0.417,0.413,0.409,0.405,0.401,0.397,0.394,0.390,0.386,0.382,0.379,0.375,0.372,0.368,0.365,0.361,0.358,0.355,0.351,0.348,0.345,0.342,0.339,0.335,0.332,0.329,0.327,0.324,0.321,0.318,0.315,0.312,0.310,0.307,0.304,0.301,0.299,0.296,0.294,0.291,0.289,0.286,0.284,0.281,0.279,0.277,0.274,0.272,0.270,0.268,0.265,0.263,0.261,0.259,0.257,0.255,0.253,0.251,0.249,0.247,0.245,0.243,0.241,0.239,0.237,0.235,0.233,0.231,0.230,0.228,0.226,0.224,0.223,0.221,0.219,0.217,0.216,0.214,0.213,0.211,0.209,0.208,0.206,0.205,0.203,0.202,0.200,0.199,0.197,0.196,0.194,0.193,0.192,0.190,0.189,0.187,0.186,0.185,0.183,0.182,0.181,0.180,0.178,0.177,0.176,0.175,0.173,0.172,0.171,0.170,0.169,0.167,0.166,0.165,0.164,0.163,0.162,0.161,0.160,0.159,0.157,0.156,0.155,0.154,0.153,0.152,0.151,0.150,0.149,0.148,0.147,0.146,0.145,0.144,0.144,0.143,0.142,0.141,0.140,0.139,0.138,0.137,0.136,0.135,0.135,0.134,0.133,0.132,0.131,0.130,0.130,0.129,0.128,0.127,0.126,0.126,0.125,0.124,0.123,0.123,0.122,0.121,0.120,0.120,0.119,0.118,0.118,0.117,0.116,0.115,0.115,0.114,0.113,0.113,0.112,0.111,0.111,0.110,0.110,0.109,0.108,0.108,0.107,0.106,0.106,0.105,0.105,0.104,0.103,0.103,0.102,0.102,0.101,0.100,0.100,0.099,0.099,0.098,0.098,0.097
50.000,50.000,50.000,50.002,50.006,50.016,50.038,50.081,50.157,50.284,50.484,50.788,51.230,51.853,52.708,53.849,55.339,57.245,59.631,62.555,66.060,70.160,74.831,80.002,85.555,91.333,97.149,102.804,108.110,112.897,117.035,120.430,123.031,124.824,125.827,126.085,125.658,124.622,123.055,121.035,118.639,115.932,112.975,109.820,106.514,103.095,99.600,96.059,92.500,88.948,85.425,81.949,78.538,75.204,71.959,68.812,65.770,62.838,60.019,57.315,54.725,52.251,49.889,47.638,45.494,43.455,41.517,39.676,37.927,36.268,34.692,33.198,31.780,30.435,29.159,27.948,26.799,25.708,24.673,23.689,22.755,21.867,21.024,20.221,19.458,18.732,18.040,17.382,16.755,16.157,15.587,15.043,14.524,14.028,13.555,13.102,12.670,12.256,11.861,11.482,11.119,10.772,10.439,10.119,9.813,9.519,9.237,8.966,8.706,8.456,8.215,7.984,7.762,7.548,7.341,7.143,6.952,6.767,6.589,6.418,6.253,6.093,5.939,5.790,5.646,5.507,5.373,5.243,5.118,4.996,4.879,4.765,4.655,4.548,4.445,4.345,4.248,4.154,4.063,3.974,3.888,3.805,3.724,3.646,3.569,3.495,3.423,3.354,3.286,3.220,3.155,3.093,3.032,2.973,2.915,2.859,2.805,2.752,2.700,2.650,2.600,2.553,2.506,2.460,2.416,2.373,2.331,2.290,2.249,2.210,2.172,2.135,2.098,2.063,2.028,1.994,1.961,1.929,1.897,1.866,1.836,1.806,1.777,1.749,1.721,1.694,1.668,1.642,1.617,1.592,1.568,1.544,1.521,1.498,1.476,1.454,1.432,1.411,1.391,1.371,1.351,1.332,1.313,1.294,1.276,1.258,1.241,1.224,1.207,1.190,1.174,1.158,1.143,1.127,1.112,1.097,1.083,1.069,1.055,1.041,1.028,1.014,1.002,0.989,0.976,0.964,0.952,0.940,0.928,0.917,0.906,0.895,0.884,0.873,0.862,0.852,0.842,0.832,0.822,0.812,0.803,0.793,0.784,0.775,0.766,0.757,0.749,0.740,0.732,0.724,0.716,0.708,0.700,0.692,0.684,0.677,0.669,0.662,0.655,0.648,0.641,0.634,0.627,0.621,0.614,0.608,0.601,0.595,0.589,0.583,0.577,0.571,0.565,0.559,0.554,0.548,0.543,0.537,0.532,0.527,0.521,0.516,0.511,0.506,0.501,0.496,0.492,0.487,0.482,0.478,0.473,0.469,0.464,0.460,0.455,0.451,0.447,0.443,0.439,0.435,0.431,0.427,0.423,0.419,0.415,0.412,0.408,0.404,0.401,0.397,0.394,0.390,0.387,0.383,0.380,0.377,0.373,0.370,0.367,0.364,0.361,0.358,0.355,0.352,0.349,0.346,0.343,0.340,0.337,0.334,0.332,0.329,0.326,0.323,0.321,0.318,0.316,0.313,0.311,0.308,0.306,0.303,0.301,0.298,0.296,0.294,0.291,0.289,0.287,0.285,0.282,0.280,0.278,0.276,0.274,0.272,0.270,0.268,0.266,0.264,0.262,0.260,0.258,0.256,0.254,0.252,0.250,0.248,0.246,0.245,0.243,0.241,0.239,0.238,0.236,0.234,0.232,0.231,0.229,0.228,0.226,0.224,0.223,0.221,0.220,0.218,0.217,0.215,0.214,0.212,0.211,0.209,0.208,0.206,0.205,0.203,0.202,0.201,0.199,0.198,0.197,0.195,0.194,0.193,0.191,0.190,0.189,0.188,0.186,0.185,0.184,0.183,0.182,0.180,0.179,0.178,0.177,0.176,0.175,0.174,0.173,0.171,0.170,0.169,0.168,0.167,0.166,0.165,0.164,0.163,0.162,0.161,0.160,0.159,0.158,0.157,0.156,0.155,0.154,0.153,0.152,0.151,0.150,0.150,0.149,0.148,0.147,0.146,0.145,0.144,0.143,0.143,0.142,0.141,0.140,0.139,0.138,0.138,0.137,0.136,0.135,0.134,0.134,0.133,0.132,0.131,0.131,0.130,0.129,0.128,0.128,0.127,0.126,0.126,0.125,0.124,0.123,0.123,0.122,0.121
50.000,50.000,50.000,50.001,50.002,50.005,50.013,50.030,50.061,50.115,50.206,50.349,50.565,50.882,51.333,51.957,52.802,53.919,55.370,57.215,59.517,62.328,65.685,69.597,74.038,78.941,84.195,89.658,95.160,100.525,105.582,110.177,114.190,117.532,120.152,122.032,123.183,123.640,123.454,122.689,121.413,119.693,117.597,115.186,112.516,109.638,106.597,103.433,100.181,96.873,93.537,90.196,86.872,83.584,80.346,77.173,74.074,71.059,68.133,65.304,62.573,59.943,57.415,54.990,52.665,50.441,48.315,46.284,44.345,42.497,40.735,39.055,37.456,35.933,34.482,33.102,31.787,30.536,29.344,28.209,27.129,26.100,25.119,24.185,23.294,22.445,21.635,20.862,20.125,19.421,18.749,18.107,17.493,16.906,16.345,15.808,15.295,14.803,14.332,13.880,13.448,13.033,12.635,12.253,11.887,11.535,11.197,10.872,10.559,10.259,9.970,9.692,9.425,9.167,8.919,8.680,8.449,8.227,8.012,7.805,7.606,7.413,7.227,7.047,6.873,6.705,6.543,6.386,6.234,6.087,5.944,5.806,5.673,5.544,5.418,5.297,5.179,5.065,4.954,4.847,4.743,4.642,4.543,4.448,4.355,4.265,4.178,4.093,4.010,3.930,3.852,3.776,3.702,3.630,3.560,3.492,3.425,3.360,3.298,3.236,3.176,3.118,3.061,3.006,2.952,2.899,2.848,2.798,2.749,2.701,2.654,2.609,2.565,2.521,2.479,2.437,2.397,2.358,2.319,2.281,2.244,2.208,2.173,2.138,2.105,2.072,2.039,2.008,1.977,1.947,1.917,1.888,1.860,1.832,1.805,1.778,1.752,1.726,1.701,1.677,1.653,1.629,1.606,1.583,1.561,1.539,1.518,1.497,1.476,1.456,1.436,1.417,1.398,1.379,1.361,1.343,1.325,1.308,1.291,1.274,1.257,1.241,1.225,1.210,1.195,1.180,1.165,1.150,1.136,1.122,1.108,1.095,1.081,1.068,1.055,1.043,1.030,1.018,1.006,0.994,0.982,0.971,0.960,0.949,0.938,0.927,0.916,0.906,0.896,0.886,0.876,0.866,0.856,0.847,0.838,0.828,0.819,0.811,0.802,0.793,0.785,0.776,0.768,0.760,0.752,0.744,0.736,0.729,0.721,0.714,0.706,0.699,0.692,0.685,0.678,0.671,0.664,0.658,0.651,0.645,0.638,0.632,0.626,0.620,0.614,0.608,0.602,0.596,0.590,0.585,0.579,0.574,0.568,0.563,0.558,0.552,0.547,0.542,0.537,0.532,0.527,0.523,0.518,0.513,0.508,0.504,0.499,0.495,0.490,0.486,0.482,0.478,0.473,0.469,0.465,0.461,0.457,0.453,0.449,0.445,0.442,0.438,0.434,0.430,0.427,0.423,0.420,0.416,0.413,0.409,0.406,0.403,0.399,0.396,0.393,0.390,0.386,0.383,0.380,0.377,0.374,0.371,0.368,0.365,0.362,0.360,0.357,0.354,0.351,0.348,0.346,0.343,0.340,0.338,0.335,0.333,0.330,0.328,0.325,0.323,0.320,0.318,0.315,0.313,0.311,0.308,0.306,0.304,0.302,0.300,0.297,0.295,0.293,0.291,0.289,0.287,0.285,0.283,0.281,0.279,0.277,0.275,0.273,0.271,0.269,0.267,0.265,0.263,0.261,0.260,0.258,0.256,0.254,0.253,0.251,0.249,0.247,0.246,0.244,0.242,0.241,0.239,0.238,0.236,0.234,0.233,0.231,0.230,0.228,0.227,0.225,0.224,0.222,0.221,0.220,0.218,0.217,0.215,0.214,0.213,0.211,0.210,0.209,0.207,0.206,0.205,0.203,0.202,0.201,0.200,0.198,0.197,0.196,0.195,0.193,0.192,0.191,0.190,0.189,0.188,0.186,0.185,0.184,0.183,0.182,0.181,0.180,0.179,0.178,0.177,0.176,0.175,0.174,0.173,0.172,0.171,0.170,0.169,0.168,0.167,0.166,0.165,0.164,0.163,0.162,0.161,0.160,0.159,0.158,0.157,0.156,0.156,0.155,0.154,0.153,0.152,0.151,0.150,0.150,0.149
50.000,50.000,50.000,50.000,50.001,50.002,50.005,50.011,50.023,50.046,50.085,50.149,50.251,50.406,50.634,50.960,51.415,52.037,52.869,53.963,55.373,57.158,59.374,62.070,65.276,69.000,73.213,77.854,82.823,87.991,93.205,98.306,103.139,107.564,111.469,114.768,117.409,119.372,120.661,121.302,121.337,120.819,119.807,118.361,116.542,114.404,112.003,109.385,106.596,103.673,100.653,97.565,94.439,91.296,88.159,85.045,81.970,78.945,75.982,73.090,70.275,67.543,64.897,62.340,59.874,57.499,55.216,53.023,50.919,48.903,46.971,45.123,43.355,41.665,40.050,38.507,37.033,35.626,34.282,32.998,31.772,30.602,29.485,28.417,27.398,26.423,25.493,24.603,23.752,22.939,22.161,21.417,20.705,20.023,19.370,18.745,18.145,17.571,17.020,16.492,15.985,15.499,15.032,14.584,14.153,13.739,13.341,12.958,12.590,12.236,11.895,11.566,11.250,10.945,10.652,10.369,10.096,9.832,9.578,9.333,9.096,8.867,8.646,8.432,8.226,8.026,7.833,7.646,7.465,7.290,7.121,6.956,6.797,6.643,6.494,6.349,6.209,6.073,5.941,5.813,5.688,5.567,5.450,5.336,5.225,5.118,5.013,4.912,4.813,4.717,4.624,4.533,4.444,4.358,4.274,4.193,4.113,4.036,3.960,3.887,3.815,3.746,3.677,3.611,3.546,3.483,3.422,3.362,3.303,3.246,3.190,3.135,3.082,3.030,2.979,2.930,2.881,2.834,2.788,2.742,2.698,2.655,2.613,2.571,2.531,2.491,2.452,2.414,2.377,2.341,2.306,2.271,2.237,2.203,2.171,2.139,2.107,2.076,2.046,2.017,1.988,1.960,1.932,1.905,1.878,1.852,1.826,1.801,1.776,1.752,1.728,1.705,1.682,1.659,1.637,1.616,1.594,1.573,1.553,1.533,1.513,1.494,1.475,1.456,1.438,1.419,1.402,1.384,1.367,1.350,1.334,1.317,1.301,1.286,1.270,1.255,1.240,1.225,1.211,1.197,1.183,1.169,1.155,1.142,1.129,1.116,1.103,1.091,1.078,1.066,1.054,1.043,1.031,1.020,1.008,0.997,0.986,0.976,0.965,0.955,0.945,0.934,0.925,0.915,0.905,0.896,0.886,0.877,0.868,0.859,0.850,0.841,0.833,0.824,0.816,0.808,0.800,0.792,0.784,0.776,0.768,0.761,0.753,0.746,0.739,0.732,0.725,0.718,0.711,0.704,0.697,0.691,0.684,0.678,0.671,0.665,0.659,0.653,0.647,0.641,0.635,0.629,0.623,0.618,0.612,0.607,0.601,0.596,0.591,0.585,0.580,0.575,0.570,0.565,0.560,0.555,0.550,0.546,0.541,0.536,0.532,0.527,0.523,0.518,0.514,0.510,0.505,0.501,0.497,0.493,0.489,0.485,0.481,0.477,0.473,0.469,0.465,0.462,0.458,0.454,0.451,0.447,0.443,0.440,0.436,0.433,0.430,0.426,0.423,0.420,0.416,0.413,0.410,0.407,0.404,0.401,0.398,0.395,0.392,0.389,0.386,0.383,0.380,0.377,0.374,0.372,0.369,0.366,0.363,0.361,0.358,0.355,0.353,0.350,0.348,0.345,0.343,0.340,0.338,0.336,0.333,0.331,0.328,0.326,0.324,0.322,0.319,0.317,0.315,0.313,0.311,0.308,0.306,0.304,0.302,0.300,0.298,0.296,0.294,0.292,0.290,0.288,0.286,0.284,0.282,0.281,0.279,0.277,0.275,0.273,0.271,0.270,0.268,0.266,0.264,0.263,0.261,0.259,0.258,0.256,0.254,0.253,0.251,0.250,0.248,0.246,0.245,0.243,0.242,0.240,0.239,0.237,0.236,0.234,0.233,0.232,0.230,0.229,0.227,0.226,0.225,0.223,0.222,0.221,0.219,0.218,0.217,0.215,0.214,0.213,0.212,0.210,0.209,0.208,0.207,0.205,0.204,0.203,0.202,0.201,0.199,0.198,0.197,0.196,0.195,0.194,0.193,0.192,0.191,0.189,0.188,0.187,0.186,0.185,0.184,0.183,0.182,0.181,0.180,0.179
50.000,50.000,50.000,50.000,50.000,50.001,50.002,50.004,50.008,50.018,50.034,50.062,50.108,50.181,50.292,50.456,50.692,51.023,51.480,52.096,52.915,53.982,55.351,57.074,59.204,61.782,64.837,68.373,72.365,76.755,81.455,86.346,91.294,96.154,100.783,105.055,108.862,112.124,114.788,116.828,118.244,119.053,119.290,118.999,118.229,117.036,115.473,113.591,111.442,109.070,106.518,103.825,101.024,98.146,95.217,92.262,89.301,86.351,83.428,80.543,77.709,74.933,72.223,69.584,67.021,64.536,62.132,59.809,57.568,55.410,53.333,51.336,49.417,47.575,45.809,44.114,42.491,40.935,39.444,38.017,36.651,35.342,34.090,32.891,31.743,30.643,29.591,28.583,27.618,26.694,25.808,24.959,24.146,23.366,22.618,21.901,21.213,20.552,19.919,19.310,18.726,18.164,17.625,17.106,16.607,16.128,15.666,15.222,14.795,14.383,13.987,13.605,13.236,12.882,12.539,12.209,11.890,11.583,11.286,10.999,10.722,10.455,10.196,9.946,9.704,9.470,9.244,9.025,8.813,8.608,8.409,8.216,8.030,7.849,7.673,7.503,7.338,7.178,7.023,6.872,6.726,6.583,6.445,6.311,6.181,6.054,5.931,5.812,5.695,5.582,5.472,5.365,5.260,5.159,5.060,4.964,4.870,4.779,4.690,4.603,4.518,4.436,4.356,4.277,4.201,4.126,4.054,3.983,3.913,3.846,3.780,3.715,3.652,3.591,3.531,3.472,3.415,3.359,3.304,3.251,3.198,3.147,3.097,3.048,3.000,2.953,2.908,2.863,2.819,2.776,2.734,2.693,2.652,2.613,2.574,2.536,2.499,2.463,2.427,2.392,2.358,2.324,2.291,2.259,2.227,2.196,2.166,2.136,2.107,2.078,2.050,2.022,1.995,1.969,1.942,1.917,1.892,1.867,1.843,1.819,1.795,1.772,1.750,1.728,1.706,1.684,1.663,1.643,1.622,1.602,1.583,1.563,1.544,1.526,1.507,1.489,1.472,1.454,1.437,1.420,1.403,1.387,1.371,1.355,1.340,1.324,1.309,1.294,1.280,1.265,1.251,1.237,1.224,1.210,1.197,1.184,1.171,1.158,1.146,1.133,1.121,1.109,1.098,1.086,1.074,1.063,1.052,1.041,1.030,1.020,1.009,0.999,0.989,0.979,0.969,0.959,0.949,0.940,0.931,0.921,0.912,0.903,0.894,0.886,0.877,0.869,0.860,0.852,0.844,0.836,0.828,0.820,0.812,0.805,0.797,0.790,0.782,0.775,0.768,0.761,0.754,0.747,0.740,0.734,0.727,0.720,0.714,0.708,0.701,0.695,0.689,0.683,0.677,0.671,0.665,0.659,0.654,0.648,0.642,0.637,0.631,0.626,0.621,0.615,0.610,0.605,0.600,0.595,0.590,0.585,0.580,0.576,0.571,0.566,0.562,0.557,0.553,0.548,0.544,0.539,0.535,0.531,0.527,0.522,0.518,0.514,0.510,0.506,0.502,0.498,0.494,0.491,0.487,0.483,0.479,0.476,0.472,0.469,0.465,0.461,0.458,0.455,0.451,0.448,0.444,0.441,0.438,0.435,0.432,0.428,0.425,0.422,0.419,0.416,0.413,0.410,0.407,0.404,0.401,0.398,0.396,0.393,0.390,0.387,0.385,0.382,0.379,0.377,0.374,0.371,0.369,0.366,0.364,0.361,0.359,0.356,0.354,0.352,0.349,0.347,0.345,0.342,0.340,0.338,0.335,0.333,0.331,0.329,0.327,0.324,0.322,0.320,0.318,0.316,0.314,0.312,0.310,0.308,0.306,0.304,0.302,0.300,0.298,0.296,0.295,0.293,0.291,0.289,0.287,0.285,0.284,0.282,0.280,0.278,0.277,0.275,0.273,0.272,0.270,0.268,0.267,0.265,0.264,0.262,0.260,0.259,0.257,0.256,0.254,0.253,0.251,0.250,0.248,0.247,0.245,0.244,0.242,0.241,0.240,0.238,0.237,0.236,0.234,0.233,0.231,0.230,0.229,0.228,0.226,0.225,0.224,0.222,0.221,0.220,0.219,0.217,0.216,0.215,0.214,0.213
50.000,50.000,50.000,50.000,50.000,50.000,50.001,50.001,50.003,50.007,50.013,50.025,50.046,50.079,50.131,50.211,50.328,50.499,50.740,51.074,51.529,52.139,52.941,53.981,55.306,56.965,59.006,61.467,64.372,67.725,71.503,75.654,80.100,84.734,89.434,94.071,98.514,102.645,106.363,109.591,112.275,114.386,115.918,116.882,117.303,117.220,116.675,115.715,114.391,112.749,110.837,108.697,106.371,103.895,101.302,98.623,95.882,93.105,90.310,87.516,84.737,81.986,79.274,76.609,74.000,71.451,68.968,66.554,64.211,61.941,59.746,57.624,55.577,53.602,51.701,49.870,48.110,46.417,44.790,43.227,41.726,40.285,38.902,37.575,36.301,35.079,33.907,32.781,31.702,30.666,29.671,28.717,27.801,26.921,26.076,25.265,24.486,23.737,23.017,22.326,21.661,21.021,20.406,19.814,19.245,18.696,18.168,17.660,17.170,16.698,16.243,15.804,15.381,14.973,14.579,14.199,13.832,13.478,13.135,12.805,12.485,12.176,11.877,11.588,11.309,11.038,10.776,10.523,10.277,10.040,9.809,9.586,9.369,9.160,8.956,8.759,8.567,8.381,8.201,8.026,7.856,7.691,7.530,7.374,7.223,7.076,6.932,6.793,6.658,6.526,6.398,6.273,6.151,6.033,5.918,5.806,5.696,5.590,5.486,5.385,5.287,5.191,5.097,5.005,4.916,4.829,4.745,4.662,4.581,4.502,4.425,4.350,4.276,4.204,4.134,4.066,3.999,3.933,3.869,3.807,3.746,3.686,3.628,3.570,3.514,3.460,3.406,3.354,3.302,3.252,3.203,3.155,3.107,3.061,3.016,2.972,2.928,2.886,2.844,2.803,2.763,2.724,2.685,2.648,2.611,2.574,2.539,2.504,2.470,2.436,2.403,2.371,2.339,2.308,2.277,2.247,2.218,2.189,2.160,2.132,2.105,2.078,2.051,2.025,2.000,1.975,1.950,1.926,1.902,1.879,1.856,1.833,1.811,1.789,1.768,1.746,1.726,1.705,1.685,1.665,1.646,1.627,1.608,1.589,1.571,1.553,1.535,1.518,1.501,1.484,1.468,1.451,1.435,1.419,1.404,1.388,1.373,1.358,1.344,1.329,1.315,1.301,1.287,1.274,1.260,1.247,1.234,1.221,1.209,1.196,1.184,1.172,1.160,1.148,1.136,1.125,1.114,1.103,1.092,1.081,1.070,1.060,1.049,1.039,1.029,1.019,1.009,0.999,0.990,0.980,0.971,0.962,0.953,0.944,0.935,0.926,0.918,0.909,0.901,0.893,0.884,0.876,0.868,0.861,0.853,0.845,0.838,0.830,0.823,0.815,0.808,0.801,0.794,0.787,0.780,0.773,0.767,0.760,0.754,0.747,0.741,0.735,0.728,0.722,0.716,0.710,0.704,0.698,0.692,0.687,0.681,0.675,0.670,0.664,0.659,0.654,0.648,0.643,0.638,0.633,0.628,0.623,0.618,0.613,0.608,0.603,0.599,0.594,0.589,0.585,0.580,0.576,0.571,0.567,0.562,0.558,0.554,0.550,0.546,0.541,0.537,0.533,0.529,0.525,0.522,0.518,0.514,0.510,0.506,0.503,0.499,0.495,0.492,0.488,0.485,0.481,0.478,0.474,0.471,0.468,0.464,0.461,0.458,0.454,0.451,0.448,0.445,0.442,0.439,0.436,0.433,0.430,0.427,0.424,0.421,0.418,0.415,0.413,0.410,0.407,0.404,0.402,0.399,0.396,0.394,0.391,0.388,0.386,0.383,0.381,0.378,0.376,0.373,0.371,0.369,0.366,0.364,0.361,0.359,0.357,0.355,0.352,0.350,0.348,0.346,0.344,0.341,0.339,0.337,0.335,0.333,0.331,0.329,0.327,0.325,0.323,0.321,0.319,0.317,0.315,0.313,0.311,0.309,0.307,0.306,0.304,0.302,0.300,0.298,0.297,0.295,0.293,0.291,0.290,0.288,0.286,0.285,0.283,0.281,0.280,0.278,0.276,0.275,0.273,0.272,0.270,0.269,0.267,0.266,0.264,0.263,0.261,0.260,0.258,0.257,0.255,0.254,0.252,0.251,0.250
50.000,50.000,50.000,50.000,50.000,50.000,50.000,50.000,50.001,50.002,50.005,50.010,50.019,50.033,50.057,50.095,50.152,50.237,50.360,50.536,50.780,51.115,51.567,52.166,52.951,53.960,55.240,56.834,58.786,61.130,63.888,67.063,70.636,74.561,78.767,83.160,87.630,92.059,96.329,100.329,103.964,107.159,109.860,112.035,113.672,114.777,115.368,115.476,115.139,114.397,113.296,111.880,110.191,108.272,106.159,103.890,101.495,99.004,96.443,93.835,91.199,88.553,85.911,83.288,80.693,78.135,75.623,73.162,70.758,68.413,66.132,63.916,61.766,59.683,57.668,55.720,53.838,52.023,50.272,48.585,46.960,45.395,43.888,42.439,41.044,39.703,38.414,37.173,35.981,34.834,33.732,32.672,31.653,30.673,29.731,28.824,27.952,27.113,26.306,25.530,24.782,24.062,23.369,22.701,22.058,21.439,20.842,20.266,19.711,19.176,18.660,18.162,17.681,17.217,16.769,16.337,15.919,15.515,15.125,14.747,14.383,14.030,13.688,13.358,13.038,12.729,12.429,12.139,11.858,11.586,11.322,11.066,10.817,10.577,10.343,10.117,9.897,9.683,9.476,9.275,9.080,8.890,8.705,8.526,8.352,8.182,8.017,7.857,7.701,7.549,7.402,7.258,7.118,6.981,6.849,6.719,6.594,6.471,6.351,6.235,6.121,6.010,5.902,5.796,5.694,5.593,5.495,5.400,5.306,5.215,5.126,5.039,4.954,4.871,4.790,4.711,4.634,4.558,4.484,4.412,4.341,4.272,4.205,4.138,4.074,4.010,3.948,3.888,3.828,3.770,3.713,3.658,3.603,3.550,3.497,3.446,3.396,3.346,3.298,3.251,3.204,3.159,3.114,3.071,3.028,2.986,2.945,2.904,2.864,2.826,2.787,2.750,2.713,2.677,2.642,2.607,2.573,2.539,2.506,2.474,2.442,2.411,2.380,2.350,2.320,2.291,2.263,2.235,2.207,2.180,2.153,2.127,2.101,2.076,2.051,2.027,2.002,1.979,1.955,1.933,1.910,1.888,1.866,1.844,1.823,1.803,1.782,1.762,1.742,1.723,1.703,1.684,1.666,1.647,1.629,1.612,1.594,1.577,1.560,1.543,1.527,1.510,1.494,1.478,1.463,1.448,1.433,1.418,1.403,1.389,1.374,1.360,1.346,1.333,1.319,1.306,1.293,1.280,1.267,1.255,1.242,1.230,1.218,1.206,1.195,1.183,1.172,1.160,1.149,1.138,1.127,1.117,1.106,1.096,1.086,1.076,1.066,1.056,1.046,1.036,1.027,1.018,1.008,0.999,0.990,0.981,0.972,0.964,0.955,0.947,0.938,0.930,0.922,0.914,0.906,0.898,0.890,0.883,0.875,0.868,0.860,0.853,0.846,0.839,0.831,0.824,0.818,0.811,0.804,0.797,0.791,0.784,0.778,0.771,0.765,0.759,0.753,0.747,0.741,0.735,0.729,0.723,0.717,0.712,0.706,0.701,0.695,0.690,0.684,0.679,0.674,0.668,0.663,0.658,0.653,0.648,0.643,0.638,0.634,0.629,0.624,0.619,0.615,0.610,0.606,0.601,0.597,0.592,0.588,0.584,0.579,0.575,0.571,0.567,0.563,0.559,0.555,0.551,0.547,0.543,0.539,0.535,0.532,0.528,0.524,0.520,0.517,0.513,0.510,0.506,0.503,0.499,0.496,0.492,0.489,0.486,0.482,0.479,0.476,0.473,0.470,0.466,0.463,0.460,0.457,0.454,0.451,0.448,0.445,0.442,0.439,0.436,0.434,0.431,0.428,0.425,0.423,0.420,0.417,0.414,0.412,0.409,0.407,0.404,0.401,0.399,0.396,0.394,0.392,0.389,0.387,0.384,0.382,0.380,0.377,0.375,0.373,0.370,0.368,0.366,0.364,0.361,0.359,0.357,0.355,0.353,0.351,0.349,0.346,0.344,0.342,0.340,0.338,0.336,0.334,0.332,0.331,0.329,0.327,0.325,0.323,0.321,0.319,0.317,0.316,0.314,0.312,0.310,0.308,0.307,0.305,0.303,0.301,0.300,0.298,0.296,0.295,0.293,0.292,0.290
50.000,50.000,50.000,50.000,50.000,50.000,50.000,50.000,50.000,50.001,50.002,50.004,50.008,50.014,50.024,50.042,50.069,50.110,50.171,50.260,50.388,50.566,50.812,51.146,51.593,52.181,52.945,53.922,55.155,56.683,58.545,60.774,63.389,66.394,69.771,73.482,77.462,81.629,85.884,90.119,94.226,98.103,101.659,104.821,107.535,109.766,111.498,112.731,113.478,113.763,113.618,113.081,112.189,110.985,109.508,107.797,105.887,103.814,101.608,99.298,96.908,94.461,91.977,89.473,86.963,84.462,81.980,79.526,77.108,74.733,72.405,70.130,67.910,65.747,63.644,61.602,59.621,57.701,55.843,54.046,52.308,50.630,49.010,47.447,45.939,44.485,43.084,41.733,40.431,39.177,37.969,36.806,35.685,34.605,33.566,32.564,31.599,30.669,29.774,28.911,28.079,27.277,26.505,25.760,25.041,24.349,23.680,23.036,22.413,21.813,21.233,20.673,20.133,19.611,19.106,18.619,18.147,17.692,17.251,16.825,16.413,16.014,15.628,15.254,14.892,14.542,14.202,13.873,13.554,13.245,12.946,12.655,12.373,12.100,11.834,11.577,11.327,11.084,10.848,10.619,10.397,10.181,9.970,9.766,9.568,9.374,9.187,9.004,8.826,8.653,8.484,8.320,8.160,8.005,7.853,7.706,7.562,7.422,7.285,7.152,7.022,6.895,6.771,6.651,6.533,6.418,6.306,6.197,6.090,5.986,5.884,5.785,5.688,5.593,5.500,5.409,5.321,5.234,5.149,5.067,4.986,4.906,4.829,4.753,4.679,4.606,4.535,4.466,4.398,4.331,4.266,4.202,4.139,4.078,4.018,3.959,3.902,3.845,3.790,3.736,3.682,3.630,3.579,3.529,3.480,3.432,3.384,3.338,3.292,3.248,3.204,3.161,3.119,3.077,3.037,2.997,2.957,2.919,2.881,2.844,2.807,2.772,2.736,2.702,2.668,2.634,2.602,2.569,2.538,2.507,2.476,2.446,2.416,2.387,2.359,2.330,2.303,2.276,2.249,2.222,2.197,2.171,2.146,2.121,2.097,2.073,2.050,2.026,2.004,1.981,1.959,1.937,1.916,1.895,1.874,1.854,1.833,1.814,1.794,1.775,1.756,1.737,1.719,1.701,1.683,1.665,1.648,1.631,1.614,1.597,1.581,1.565,1.549,1.533,1.518,1.502,1.487,1.473,1.458,1.443,1.429,1.415,1.401,1.388,1.374,1.361,1.348,1.335,1.322,1.310,1.297,1.285,1.273,1.261,1.249,1.237,1.226,1.215,1.203,1.192,1.182,1.171,1.160,1.150,1.139,1.129,1.119,1.109,1.099,1.089,1.080,1.070,1.061,1.052,1.042,1.033,1.024,1.016,1.007,0.998,0.990,0.981,0.973,0.965,0.957,0.949,0.941,0.933,0.925,0.918,0.910,0.902,0.895,0.888,0.881,0.873,0.866,0.859,0.852,0.846,0.839,0.832,0.826,0.819,0.813,0.806,0.800,0.794,0.787,0.781,0.775,0.769,0.763,0.757,0.752,0.746,0.740,0.735,0.729,0.724,0.718,0.713,0.707,0.702,0.697,0.692,0.687,0.682,0.677,0.672,0.667,0.662,0.657,0.652,0.648,0.643,0.638,0.634,0.629,0.625,0.620,0.616,0.612,0.607,0.603,0.599,0.595,0.591,0.587,0.582,0.578,0.574,0.571,0.567,0.563,0.559,0.555,0.551,0.548,0.544,0.540,0.537,0.533,0.530,0.526,0.523,0.519,0.516,0.512,0.509,0.506,0.502,0.499,0.496,0.493,0.489,0.486,0.483,0.480,0.477,0.474,0.471,0.468,0.465,0.462,0.459,0.456,0.453,0.451,0.448,0.445,0.442,0.440,0.437,0.434,0.431,0.429,0.426,0.424,0.421,0.418,0.416,0.413,0.411,0.408,0.406,0.404,0.401,0.399,0.396,0.394,0.392,0.389,0.387,0.385,0.383,0.380,0.378,0.376,0.374,0.372,0.369,0.367,0.365,0.363,0.361,0.359,0.357,0.355,0.353,0.351,0.349,0.347,0.345,0.343,0.341,0.339,0.337,0.336,0.334
50.000,50.000,50.000,50.000,50.000,50.000,50.000,50.000,50.000,50.000,50.001,50.001,50.003,50.006,50.010,50.018,50.030,50.050,50.079,50.124,50.188,50.281,50.411,50.592,50.838,51.169,51.608,52.183,52.925,53.869,55.053,56.514,58.288,60.405,62.881,65.723,68.915,72.423,76.191,80.145,84.198,88.250,92.203,95.962,99.441,102.569,105.291,107.571,109.388,110.737,111.627,112.076,112.111,111.764,111.070,110.066,108.789,107.275,105.559,103.673,101.648,99.510,97.284,94.992,92.653,90.285,87.904,85.521,83.147,80.794,78.468,76.176,73.924,71.717,69.558,67.449,65.394,63.393,61.448,59.559,57.726,55.949,54.228,52.563,50.951,49.393,47.887,46.432,45.027,43.670,42.360,41.096,39.876,38.699,37.564,36.468,35.411,34.391,33.407,32.457,31.541,30.657,29.804,28.980,28.185,27.418,26.677,25.961,25.270,24.602,23.957,23.334,22.732,22.149,21.586,21.042,20.515,20.006,19.513,19.036,18.574,18.127,17.694,17.275,16.869,16.475,16.094,15.724,15.366,15.018,14.681,14.354,14.036,13.728,13.429,13.139,12.857,12.583,12.317,12.059,11.808,11.564,11.326,11.096,10.871,10.653,10.441,10.234,10.033,9.837,9.646,9.461,9.280,9.104,8.932,8.765,8.602,8.443,8.288,8.137,7.990,7.846,7.706,7.569,7.436,7.306,7.179,7.055,6.933,6.815,6.700,6.587,6.476,6.369,6.263,6.160,6.060,5.961,5.865,5.771,5.679,5.589,5.501,5.415,5.331,5.248,5.168,5.089,5.011,4.936,4.861,4.789,4.718,4.648,4.580,4.513,4.447,4.383,4.320,4.258,4.198,4.138,4.080,4.023,3.967,3.912,3.858,3.806,3.754,3.703,3.653,3.604,3.556,3.509,3.463,3.417,3.372,3.329,3.286,3.243,3.202,3.161,3.121,3.081,3.043,3.005,2.967,2.931,2.895,2.859,2.824,2.790,2.756,2.723,2.690,2.658,2.627,2.596,2.565,2.535,2.506,2.477,2.448,2.420,2.392,2.365,2.338,2.312,2.286,2.260,2.235,2.210,2.186,2.162,2.138,2.115,2.092,2.069,2.047,2.025,2.004,1.982,1.961,1.941,1.920,1.900,1.880,1.861,1.842,1.823,1.804,1.786,1.767,1.750,1.732,1.715,1.697,1.680,1.664,1.647,1.631,1.615,1.599,1.584,1.568,1.553,1.538,1.524,1.509,1.495,1.480,1.467,1.453,1.439,1.426,1.412,1.399,1.386,1.374,1.361,1.349,1.336,1.324,1.312,1.300,1.289,1.277,1.266,1.255,1.243,1.232,1.222,1.211,1.200,1.190,1.180,1.169,1.159,1.149,1.140,1.130,1.120,1.111,1.101,1.092,1.083,1.074,1.065,1.056,1.047,1.039,1.030,1.022,1.013,1.005,0.997,0.989,0.981,0.973,0.965,0.958,0.950,0.942,0.935,0.928,0.920,0.913,0.906,0.899,0.892,0.885,0.878,0.871,0.865,0.858,0.852,0.845,0.839,0.832,0.826,0.820,0.814,0.808,0.802,0.796,0.790,0.784,0.778,0.773,0.767,0.761,0.756,0.750,0.745,0.739,0.734,0.729,0.724,0.719,0.713,0.708,0.703,0.698,0.693,0.689,0.684,0.679,0.674,0.670,0.665,0.660,0.656,0.651,0.647,0.643,0.638,0.634,0.630,0.625,0.621,0.617,0.613,0.609,0.605,0.601,0.597,0.593,0.589,0.585,0.581,0.577,0.574,0.570,0.566,0.562,0.559,0.555,0.552,0.548,0.545,0.541,0.538,0.534,0.531,0.528,0.524,0.521,0.518,0.514,0.511,0.508,0.505,0.502,0.499,0.496,0.493,0.490,0.487,0.484,0.481,0.478,0.475,0.472,0.469,0.466,0.464,0.461,0.458,0.455,0.453,0.450,0.447,0.445,0.442,0.439,0.437,0.434,0.432,0.429,0.427,0.424,0.422,0.419,0.417,0.415,0.412,0.410,0.408,0.405,0.403,0.401,0.398,0.396,0.394,0.392,0.390,0.387,0.385,0.383,0.381
50.000,50.000,50.000,50.000,50.000,50.000,50.000,50.000,50.000,50.000,50.000,50.001,50.001,50.002,50.004,50.008,50.013,50.022,50.036,50.058,50.090,50.136,50.204,50.299,50.431,50.612,50.857,51.184,51.615,52.175,52.893,53.803,54.937,56.332,58.019,60.026,62.370,65.055,68.071,71.387,74.955,78.709,82.571,86.450,90.257,93.903,97.306,100.397,103.123,105.444,107.336,108.791,109.813,110.413,110.615,110.446,109.938,109.123,108.035,106.709,105.178,103.471,101.618,99.645,97.577,95.434,93.235,91.000,88.741,86.472,84.205,81.949,79.713,77.503,75.326,73.186,71.088,69.033,67.026,65.068,63.160,61.302,59.497,57.743,56.041,54.390,52.789,51.239,49.738,48.285,46.880,45.520,44.206,42.935,41.706,40.518,39.371,38.262,37.191,36.156,35.155,34.189,33.255,32.352,31.480,30.638,29.823,29.035,28.274,27.538,26.826,26.138,25.472,24.828,24.205,23.602,23.018,22.453,21.906,21.377,20.864,20.367,19.885,19.418,18.966,18.528,18.102,17.690,17.290,16.902,16.526,16.161,15.806,15.462,15.128,14.803,14.487,14.181,13.883,13.594,13.313,13.039,12.773,12.514,12.263,12.018,11.779,11.547,11.322,11.102,10.888,10.679,10.476,10.278,10.085,9.897,9.714,9.536,9.361,9.192,9.026,8.864,8.707,8.553,8.403,8.256,8.113,7.973,7.837,7.703,7.573,7.446,7.322,7.200,7.082,6.966,6.852,6.741,6.633,6.527,6.423,6.322,6.222,6.125,6.030,5.937,5.846,5.757,5.669,5.584,5.500,5.418,5.338,5.259,5.182,5.107,5.033,4.960,4.889,4.819,4.751,4.684,4.618,4.554,4.490,4.428,4.368,4.308,4.249,4.192,4.136,4.080,4.026,3.973,3.920,3.869,3.818,3.769,3.720,3.672,3.625,3.579,3.534,3.489,3.446,3.403,3.360,3.319,3.278,3.238,3.198,3.160,3.122,3.084,3.047,3.011,2.975,2.940,2.906,2.872,2.838,2.805,2.773,2.741,2.710,2.679,2.649,2.619,2.589,2.561,2.532,2.504,2.476,2.449,2.422,2.396,2.370,2.344,2.319,2.294,2.270,2.246,2.222,2.199,2.176,2.153,2.130,2.108,2.087,2.065,2.044,2.023,2.003,1.982,1.962,1.943,1.923,1.904,1.885,1.867,1.848,1.830,1.812,1.795,1.777,1.760,1.743,1.726,1.710,1.694,1.678,1.662,1.646,1.631,1.616,1.601,1.586,1.571,1.557,1.542,1.528,1.514,1.501,1.487,1.474,1.460,1.447,1.434,1.422,1.409,1.397,1.384,1.372,1.360,1.349,1.337,1.325,1.314,1.303,1.292,1.281,1.270,1.259,1.248,1.238,1.227,1.217,1.207,1.197,1.187,1.177,1.168,1.158,1.149,1.139,1.130,1.121,1.112,1.103,1.094,1.085,1.077,1.068,1.060,1.051,1.043,1.035,1.027,1.019,1.011,1.003,0.995,0.988,0.980,0.973,0.965,0.958,0.951,0.944,0.936,0.929,0.922,0.916,0.909,0.902,0.895,0.889,0.882,0.876,0.869,0.863,0.857,0.850,0.844,0.838,0.832,0.826,0.820,0.814,0.809,0.803,0.797,0.792,0.786,0.781,0.775,0.770,0.764,0.759,0.754,0.749,0.744,0.738,0.733,0.728,0.723,0.719,0.714,0.709,0.704,0.699,0.695,0.690,0.685,0.681,0.676,0.672,0.667,0.663,0.659,0.654,0.650,0.646,0.642,0.638,0.634,0.629,0.625,0.621,0.617,0.613,0.610,0.606,0.602,0.598,0.594,0.591,0.587,0.583,0.580,0.576,0.572,0.569,0.565,0.562,0.558,0.555,0.552,0.548,0.545,0.542,0.538,0.535,0.532,0.529,0.526,0.522,0.519,0.516,0.513,0.510,0.507,0.504,0.501,0.498,0.495,0.492,0.490,0.487,0.484,0.481,0.478,0.476,0.473,0.470,0.467,0.465,0.462,0.459,0.457,0.454,0.452,0.449,0.447,0.444,0.442,0.439,0.437,0.434,0.432
50.000,50.000,50.000,50.000,50.000,50.000,50.000,50.000,50.000,50.000,50.000,50.000,50.000,50.001,50.002,50.003,50.006,50.010,50.016,50.026,50.042,50.065,50.099,50.148,50.217,50.314,50.447,50.628,50.871,51.193,51.613,52.157,52.851,53.725,54.810,56.139,57.741,59.642,61.859,64.396,67.244,70.379,73.758,77.323,81.003,84.719,88.385,91.921,95.249,98.301,101.025,103.380,105.339,106.889,108.030,108.771,109.129,109.127,108.793,108.156,107.249,106.102,104.747,103.211,101.524,99.710,97.792,95.793,93.731,91.622,89.482,87.325,85.161,83.001,80.852,78.723,76.620,74.547,72.509,70.509,68.550,66.635,64.765,62.941,61.165,59.435,57.754,56.120,54.533,52.993,51.499,50.051,48.648,47.288,45.971,44.696,43.462,42.267,41.110,39.991,38.908,37.860,36.847,35.866,34.917,33.998,33.110,32.250,31.418,30.613,29.834,29.079,28.349,27.642,26.957,26.294,25.652,25.030,24.428,23.844,23.278,22.729,22.197,21.682,21.182,20.697,20.226,19.770,19.327,18.897,18.480,18.075,17.681,17.299,16.928,16.567,16.217,15.876,15.545,15.223,14.910,14.606,14.310,14.022,13.741,13.469,13.203,12.945,12.693,12.448,12.209,11.976,11.750,11.529,11.313,11.104,10.899,10.699,10.505,10.315,10.130,9.949,9.773,9.601,9.433,9.269,9.109,8.953,8.800,8.651,8.505,8.363,8.224,8.088,7.955,7.825,7.698,7.574,7.452,7.334,7.217,7.104,6.992,6.884,6.777,6.673,6.571,6.471,6.373,6.277,6.183,6.091,6.001,5.913,5.826,5.742,5.659,5.577,5.497,5.419,5.342,5.267,5.193,5.121,5.050,4.981,4.912,4.845,4.780,4.715,4.652,4.590,4.529,4.469,4.410,4.352,4.296,4.240,4.185,4.132,4.079,4.027,3.976,3.926,3.877,3.829,3.781,3.734,3.689,3.643,3.599,3.556,3.513,3.471,3.429,3.388,3.348,3.309,3.270,3.232,3.194,3.157,3.121,3.085,3.050,3.015,2.981,2.948,2.915,2.882,2.850,2.818,2.787,2.757,2.727,2.697,2.668,2.639,2.611,2.583,2.555,2.528,2.501,2.475,2.449,2.424,2.398,2.374,2.349,2.325,2.301,2.278,2.255,2.232,2.209,2.187,2.165,2.144,2.123,2.102,2.081,2.061,2.040,2.021,2.001,1.982,1.963,1.944,1.925,1.907,1.889,1.871,1.854,1.836,1.819,1.802,1.786,1.769,1.753,1.737,1.721,1.705,1.690,1.675,1.659,1.645,1.630,1.615,1.601,1.587,1.573,1.559,1.545,1.532,1.519,1.505,1.492,1.480,1.467,1.454,1.442,1.430,1.418,1.406,1.394,1.382,1.371,1.359,1.348,1.337,1.326,1.315,1.304,1.294,1.283,1.273,1.262,1.252,1.242,1.232,1.222,1.213,1.203,1.194,1.184,1.175,1.166,1.157,1.148,1.139,1.130,1.121,1.112,1.104,1.096,1.087,1.079,1.071,1.063,1.055,1.047,1.039,1.031,1.024,1.016,1.008,1.001,0.994,0.986,0.979,0.972,0.965,0.958,0.951,0.944,0.937,0.931,0.924,0.917,0.911,0.904,0.898,0.892,0.885,0.879,0.873,0.867,0.861,0.855,0.849,0.843,0.837,0.832,0.826,0.820,0.815,0.809,0.804,0.798,0.793,0.788,0.782,0.777,0.772,0.767,0.762,0.757,0.752,0.747,0.742,0.737,0.732,0.728,0.723,0.718,0.714,0.709,0.704,0.700,0.695,0.691,0.687,0.682,0.678,0.674,0.669,0.665,0.661,0.657,0.653,0.649,0.645,0.641,0.637,0.633,0.629,0.625,0.621,0.618,0.614,0.610,0.606,0.603,0.599,0.596,0.592,0.588,0.585,0.582,0.578,0.575,0.571,0.568,0.565,0.561,0.558,0.555,0.551,0.548,0.545,0.542,0.539,0.536,0.533,0.530,0.527,0.524,0.521,0.518,0.515,0.512,0.509,0.506,0.503,0.500,0.498,0.495,0.492,0.489,0.487
50.000,50.000,50.000,50.000,50.000,50.000,50.000,50.000,50.000,50.000,50.000,50.000,50.000,50.000,50.001,50.001,50.002,50.004,50.007,50.012,50.019,50.030,50.047,50.072,50.107,50.158,50.229,50.327,50.460,50.640,50.880,51.195,51.604,52.131,52.799,53.637,54.673,55.937,57.457,59.257,61.351,63.746,66.437,69.400,72.600,75.986,79.495,83.053,86.585,90.013,93.266,96.277,98.994,101.375,103.392,105.028,106.278,107.148,107.651,107.805,107.636,107.168,106.432,105.456,104.268,102.897,101.368,99.707,97.936,96.075,94.144,92.159,90.136,88.087,86.023,83.956,81.894,79.845,77.814,75.807,73.829,71.884,69.975,68.104,66.273,64.483,62.736,61.033,59.374,57.759,56.187,54.660,53.176,51.735,50.336,48.979,47.662,46.385,45.147,43.947,42.784,41.657,40.565,39.507,38.482,37.490,36.528,35.596,34.693,33.819,32.971,32.151,31.355,30.585,29.838,29.114,28.412,27.732,27.072,26.433,25.813,25.211,24.628,24.062,23.513,22.980,22.463,21.961,21.473,21.000,20.540,20.094,19.660,19.239,18.829,18.431,18.044,17.668,17.303,16.947,16.601,16.264,15.937,15.618,15.307,15.005,14.711,14.425,14.146,13.874,13.610,13.352,13.100,12.855,12.616,12.384,12.156,11.935,11.719,11.508,11.303,11.102,10.906,10.715,10.528,10.346,10.168,9.994,9.824,9.659,9.497,9.338,9.183,9.032,8.884,8.740,8.598,8.460,8.325,8.192,8.063,7.936,7.812,7.691,7.572,7.456,7.342,7.231,7.122,7.015,6.910,6.808,6.707,6.609,6.513,6.418,6.325,6.235,6.146,6.058,5.973,5.889,5.807,5.726,5.647,5.569,5.493,5.418,5.345,5.273,5.202,5.133,5.065,4.998,4.932,4.868,4.804,4.742,4.681,4.621,4.562,4.505,4.448,4.392,4.337,4.283,4.230,4.178,4.127,4.076,4.027,3.978,3.930,3.883,3.837,3.791,3.746,3.702,3.659,3.616,3.574,3.533,3.492,3.452,3.413,3.374,3.336,3.299,3.262,3.225,3.189,3.154,3.119,3.085,3.052,3.018,2.986,2.954,2.922,2.891,2.860,2.830,2.800,2.770,2.741,2.713,2.685,2.657,2.629,2.602,2.576,2.550,2.524,2.498,2.473,2.448,2.424,2.400,2.376,2.353,2.329,2.307,2.284,2.262,2.240,2.219,2.197,2.176,2.155,2.135,2.115,2.095,2.075,2.056,2.037,2.018,1.999,1.981,1.962,1.944,1.927,1.909,1.892,1.875,1.858,1.841,1.825,1.809,1.793,1.777,1.761,1.746,1.730,1.715,1.700,1.686,1.671,1.657,1.643,1.629,1.615,1.601,1.587,1.574,1.561,1.548,1.535,1.522,1.509,1.497,1.485,1.472,1.460,1.449,1.437,1.425,1.414,1.402,1.391,1.380,1.369,1.358,1.347,1.337,1.326,1.316,1.305,1.295,1.285,1.275,1.265,1.255,1.246,1.236,1.227,1.217,1.208,1.199,1.190,1.181,1.172,1.163,1.155,1.146,1.138,1.129,1.121,1.113,1.105,1.096,1.088,1.081,1.073,1.065,1.057,1.050,1.042,1.035,1.027,1.020,1.013,1.006,0.999,0.992,0.985,0.978,0.971,0.964,0.958,0.951,0.944,0.938,0.932,0.925,0.919,0.913,0.906,0.900,0.894,0.888,0.882,0.876,0.870,0.865,0.859,0.853,0.848,0.842,0.837,0.831,0.826,0.820,0.815,0.810,0.804,0.799,0.794,0.789,0.784,0.779,0.774,0.769,0.764,0.759,0.755,0.750,0.745,0.740,0.736,0.731,0.727,0.722,0.718,0.713,0.709,0.705,0.700,0.696,0.692,0.688,0.683,0.679,0.675,0.671,0.667,0.663,0.659,0.655,0.651,0.647,0.644,0.640,0.636,0.632,0.629,0.625,0.621,0.618,0.614,0.611,0.607,0.603,0.600,0.597,0.593,0.590,0.586,0.583,0.580,0.576,0.573,0.570,0.567,0.564,0.560,0.557,0.554,0.551,0.548,0.545
